Devicename,Username,Registered Date,Last Contact,Last Internal Ip Address,Last External Ip Address,Device Type,OS,Sensor Version
SENTINEL\AVANT13,SENTINEL\avantl,2017-1-12 17:30:5,2017-8-22 17:41:7,,173.251.20.37,WINDOWS,Windows 7 x64 SP: 1,1.0.6.161
SENTINEL\MTNSHADOW3,SENTINEL\mtn shadows ca a,2017-1-12 17:54:10,2017-8-22 17:41:2,,173.251.20.37,WINDOWS,Windows 7 x64 SP: 1,1.0.6.161
SENTINEL\LINKPLUMCREEK50,SENTINEL\linksatplumcreeks,2017-8-22 14:13:56,2017-8-22 17:40:58,,173.251.20.37,WINDOWS,Windows 7 x64 SP: 1,1.0.6.161
SENTINEL\DELISA,SENTINEL\delisa,2017-3-2 17:53:24,2017-8-22 17:40:53,127.0.0.1,173.251.20.37,WINDOWS,Windows 7 x64 SP: 1,1.0.6.161
SENTINEL\CARRINGTON1,SENTINEL\carrington,2017-1-12 17:38:39,2017-8-22 17:40:53,127.0.0.1,173.251.20.37,WINDOWS,Windows 7 x64 SP: 1,1.0.6.161
SENTINEL\CHUM,SENTINEL\chum,2017-1-12 17:37:27,2017-8-22 17:40:49,172.20.8.78,173.251.20.37,WINDOWS,Windows 7 x64 SP: 1,1.0.6.161
SENTINEL\ASHTONPARC1,SENTINEL\Ashtonparc m,2017-1-12 17:30:46,2017-8-22 17:40:47,,173.251.20.37,WINDOWS,Windows 7 x64 SP: 1,1.0.6.161
SENTINEL\ARROWHEAD1,SENTINEL\arrowhead m,2017-1-12 17:30:57,2017-8-22 17:40:47,,173.251.20.37,WINDOWS,Windows 7 x64 SP: 1,1.0.6.161
SENTINEL\OMARASHVILI,SENTINEL\omarashvili,2017-4-4 20:13:34,2017-8-22 17:40:43,,173.251.20.37,WINDOWS,Windows 7 x64 SP: 1,1.0.6.161
SENTINEL\LINKSPLUMCREEK1,SENTINEL\plumcreekm,2017-8-22 14:13:55,2017-8-22 17:40:42,,173.251.20.37,WINDOWS,Windows 7 x64 SP: 1,1.0.6.161
SENTINEL\WOODBERRY3,SENTINEL\woodberry a,2017-1-12 17:56:34,2017-8-22 17:40:30,127.0.0.1,173.251.20.37,WINDOWS,Windows 7 x64 SP: 1,1.0.6.161
SENTINEL\WINDWARD2,SENTINEL\windward place a,2017-1-12 17:56:57,2017-8-22 17:40:30,,173.251.20.37,WINDOWS,Windows 7 x64 SP: 1,1.0.6.161
SENTINEL\OSBORNECO,SENTINEL\osborne,2017-2-13 17:14:13,2017-8-22 17:40:25,127.0.0.1,173.251.20.37,WINDOWS,Windows 7 x64 SP: 1,1.0.6.161
SENTINEL\RIVERPLACECOMM4,SENTINEL\zula,2017-1-12 18:5:2,2017-8-22 17:40:23,,173.251.20.37,WINDOWS,Windows 7 x64 SP: 1,1.0.6.161
SENTINEL\MICHELLIW7,SENTINEL\michelli,2017-1-12 17:51:43,2017-8-22 17:40:20,,173.251.20.37,WINDOWS,Windows 7 x64 SP: 1,1.0.6.161
SENTINEL\KUNESCH,SENTINEL\kunesch,2017-3-30 18:43:44,2017-8-22 17:40:19,127.0.0.1,173.251.20.37,WINDOWS,Windows 7 x64 SP: 1,1.0.6.161
SENTINEL\BURTON (S-1-5-21-753412686-597961653-1159422225-23146),Unassigned,2017-1-12 22:31:28,2017-8-22 17:40:12,172.20.8.103,173.251.20.37,WINDOWS,Windows 7 x86 SP: 1,1.0.6.161
SENTINEL\BLAUER,SENTINEL\blauer,2017-1-12 17:29:13,2017-8-22 17:40:11,,173.251.20.37,WINDOWS,Windows 7 x64 SP: 1,1.0.6.161
SENTINEL\THOMAS,SENTINEL\thomasj,2017-4-6 18:29:46,2017-8-22 17:40:7,127.0.0.1,173.251.20.37,WINDOWS,Windows 7 x64 SP: 1,1.0.6.161
SENTINEL\ASHTONPARC2,SENTINEL\ashtonparc a,2017-1-12 17:30:45,2017-8-22 17:40:7,,173.251.20.37,WINDOWS,Windows 7 x64 SP: 1,1.0.6.161
SENTINEL\SYCAMORE50,SENTINEL\sycamores,2017-8-22 14:14:26,2017-8-22 17:40:6,,173.251.20.37,WINDOWS,Windows 7 x64 SP: 1,1.0.6.161
SENTINEL\CAWLEYK,SENTINEL\cawley,2017-1-13 16:15:46,2017-8-22 17:40:6,127.0.0.1,173.251.20.37,WINDOWS,Windows 7 x64 SP: 1,1.0.6.161
SENTINEL\COROMINA,COROMINA\Administrator,2017-7-25 17:15:6,2017-8-22 17:40:2,127.0.0.1,173.251.20.37,WINDOWS,Windows 7 x64 SP: 1,1.0.6.161
SENTINEL\QUALITYHILL13,SENTINEL\qualityhilll,2017-1-12 21:21:50,2017-8-22 17:40:1,,173.251.20.37,WINDOWS,Windows 7 x64 SP: 1,1.0.6.161
SENTINEL\CORBINGREEN1,SENTINEL\fairwaysm,2017-1-12 17:38:31,2017-8-22 17:39:58,,173.251.20.37,WINDOWS,Windows 7 x64 SP: 1,1.0.6.161
SENTINEL\COURTNEY2,SENTINEL\courtneystationa,2017-1-12 17:38:24,2017-8-22 17:39:57,,173.251.20.37,WINDOWS,Windows 7 x64 SP: 1,1.0.6.161
SENTINEL\SHARKEY,SENTINEL\sharkey,2017-5-23 16:15:3,2017-8-22 17:39:56,127.0.0.1,173.251.20.37,WINDOWS,Windows 7 x64 SP: 1,1.0.6.161
SENTINEL\fladger1,SENTINEL\fladger,2016-11-2 19:37:39,2017-8-22 17:39:54,,173.251.20.37,WINDOWS,Windows 7 x64 SP: 1,1.0.6.161
SENTINEL\WELLSFARGO,SENTINEL\hirshberg,2017-1-12 17:55:26,2017-8-22 17:39:52,,173.251.20.37,WINDOWS,Windows 7 x64 SP: 1,1.0.6.161
SENTINEL\LANE,SENTINEL\lane,2017-2-15 17:16:50,2017-8-22 17:39:47,127.0.0.1,173.251.20.37,WINDOWS,Windows 7 x64 SP: 1,1.0.6.161
SENTINEL\CORNERSTONE1,SENTINEL\cornerstone m,2017-1-12 17:39:30,2017-8-22 17:39:45,,173.251.20.37,WINDOWS,Windows 7 x64 SP: 1,1.0.6.161
SENTINEL\FAINBERG,SENTINEL\fainberg,2017-1-12 17:41:20,2017-8-22 17:39:45,127.0.0.1,173.251.20.37,WINDOWS,Windows 7 x64 SP: 1,1.0.6.161
SENTINEL\23HUNDRED3,SENTINEL\23HUNDRED A,2017-1-12 17:25:12,2017-8-22 17:39:41,,173.251.20.37,WINDOWS,Windows 7 x64 SP: 1,1.0.6.161
SENTINEL\KASS,SENTINEL\kass,2016-12-16 20:9:27,2017-8-22 17:39:40,,173.251.20.37,WINDOWS,Windows 7 x64 SP: 1,1.0.6.161
SENTINEL\Anthony,SENTINEL\anthony,2017-1-12 17:26:12,2017-8-22 17:39:39,,173.251.20.37,WINDOWS,Windows 7 x64 SP: 1,1.0.6.161
SENTINEL\bon3,SENTINEL\bona,2016-11-1 13:35:59,2017-8-22 17:39:32,172.20.8.182,173.251.20.37,WINDOWS,Windows 7 x64 SP: 1,1.0.6.161
SENTINEL\CHAMBERSV (S-1-5-21-753412686-597961653-1159422225-22732),SENTINEL\chambers,2017-3-24 19:55:45,2017-8-22 17:39:32,,173.251.20.37,WINDOWS,Windows 7 x86 SP: 1,1.0.6.161
SENTINEL\ARROWHEAD50,SENTINEL\doe,2017-8-22 14:14:20,2017-8-22 17:39:32,,173.251.20.37,WINDOWS,Windows 7 x64 SP: 1,1.0.6.161
SENTINEL\WINDWARDLP13,SENTINEL\Windwardl,2017-8-22 14:12:44,2017-8-22 17:39:28,,173.251.20.37,WINDOWS,Windows 7 x64 SP: 1,1.0.6.161
SENTINEL\ARBORHILLS14,SENTINEL\arbor hills l2,2017-8-22 14:14:7,2017-8-22 17:39:25,,173.251.20.37,WINDOWS,Windows 7 x64 SP: 1,1.0.6.161
SENTINEL\FIRSTANDMAIN1,SENTINEL\firstandmain,2017-1-12 17:42:27,2017-8-22 17:39:24,,173.251.20.37,WINDOWS,Windows 7 x64 SP: 1,1.0.6.161
SENTINEL\SCANLAN,SENTINEL\scanlan,2017-4-11 13:19:32,2017-8-22 17:39:24,127.0.0.1,173.251.20.37,WINDOWS,Windows 7 x64 SP: 1,1.0.6.161
SENTINEL\HIRSHBERGW7,SENTINEL\hirshberg,2017-1-12 17:48:18,2017-8-22 17:39:22,,173.251.20.37,WINDOWS,Windows 7 x64 SP: 1,1.0.6.161
SENTINEL\ADDISONPARK50,SENTINEL\addisonparks,2017-8-22 14:13:3,2017-8-22 17:39:22,,173.251.20.37,WINDOWS,Windows 7 x64 SP: 1,1.0.6.161
SENTINEL\ARBORHILLS15,SENTINEL\arborhillsl3,2017-8-22 14:14:12,2017-8-22 17:39:21,,173.251.20.37,WINDOWS,Windows 7 x64 SP: 1,1.0.6.161
SENTINEL\GLENBROOK50,SENTINEL\glenbrooks,2017-1-12 17:42:3,2017-8-22 17:39:19,,173.251.20.37,WINDOWS,Windows 7 x64 SP: 1,1.0.6.161
SENTINEL\FOOTHILLS3,SENTINEL\foothillsa,2017-1-12 17:42:45,2017-8-22 17:39:18,127.0.0.1,173.251.20.37,WINDOWS,Windows 7 x64 SP: 1,1.0.6.161
SENTINEL\MTNSHADOWCA2,SENTINEL\mtn shadows ca m,2017-1-12 17:54:26,2017-8-22 17:39:18,,173.251.20.37,WINDOWS,Windows 7 x64 SP: 1,1.0.6.161
SENTINEL\SYCAMORE3,SENTINEL\sycamore a,2017-1-13 16:16:33,2017-8-22 17:39:18,,173.251.20.37,WINDOWS,Windows 7 x64 SP: 1,1.0.6.161
SENTINEL\GARDPOLARIS50,SENTINEL\gardenss,2017-8-22 14:13:31,2017-8-22 17:39:17,,173.251.20.37,WINDOWS,Windows 7 x64 SP: 1,1.0.6.161
SENTINEL\ANDOVERPLACE2,SENTINEL\andover place a,2017-1-12 17:26:22,2017-8-22 17:39:14,,173.251.20.37,WINDOWS,Windows 7 x64 SP: 1,1.0.6.161
SENTINEL\OAKWELLFARM13,SENTINEL\oakwelll,2017-8-22 14:14:20,2017-8-22 17:39:14,,173.251.20.37,WINDOWS,Windows 7 x64 SP: 1,1.0.6.161
SENTINEL\DISTTAMPA3,SENTINEL\leech,2017-8-22 14:16:17,2017-8-22 17:39:13,,173.251.20.37,WINDOWS,Windows 7 x64 SP: 1,1.0.6.161
SENTINEL\EGRETS13,SENTINEL\egretslandingl,2017-8-22 14:14:0,2017-8-22 17:39:13,,173.251.20.37,WINDOWS,Windows 7 x64 SP: 1,1.0.6.161
SENTINEL\MONTERRA1,SENTINEL\Monterram,2017-1-12 17:54:8,2017-8-22 17:39:12,,173.251.20.37,WINDOWS,Windows 7 x64 SP: 1,1.0.6.161
SENTINEL\OAKS13,SENTINEL\oaksl,2017-8-22 14:12:57,2017-8-22 17:39:11,,173.251.20.37,WINDOWS,Windows 7 x64 SP: 1,1.0.6.161
SENTINEL\ANEY,SENTINEL\aney,2017-1-12 17:25:17,2017-8-22 17:39:10,,173.251.20.37,WINDOWS,Windows 7 x64 SP: 1,1.0.6.161
SENTINEL\Portal4,SENTINEL\nimdaab,2016-11-4 16:35:14,2017-8-22 17:39:9,,173.251.20.37,WINDOWS,Server 2012 R2 x64 ,1.0.6.161
SENTINEL\pdc1,SENTINEL\olds,2016-11-4 16:12:27,2017-8-22 17:39:7,172.16.0.93,173.251.20.37,WINDOWS,Server 2008 R2 x64 SP: 1,1.0.6.161
SENTINEL\WESCOTT50,SENTINEL\reserves,2017-8-22 14:14:32,2017-8-22 17:39:6,,173.251.20.37,WINDOWS,Windows 7 x64 SP: 1,1.0.6.161
SENTINEL\update2,SENTINEL\nimdalh,2017-8-22 13:56:12,2017-8-22 17:39:5,172.16.1.11,173.251.20.37,WINDOWS,Server 2012 x64,2.0.3.4
SENTINEL\GREENBERG,SENTINEL\greenberg,2017-3-8 15:23:30,2017-8-22 17:39:4,127.0.0.1,173.251.20.37,WINDOWS,Windows 7 x64 SP: 1,1.0.6.161
SENTINEL\BEKTESHI,SENTINEL\bekteshi,2017-8-22 14:11:34,2017-8-22 17:39:4,,173.251.20.37,WINDOWS,Windows 7 x64 SP: 1,1.0.6.161
SENTINEL\ASPREY50,SENTINEL\aspreys,2017-8-22 14:14:3,2017-8-22 17:39:1,,173.251.20.37,WINDOWS,Windows 7 x64 SP: 1,1.0.6.161
SENTINEL\GALARZAVM (S-1-5-21-753412686-597961653-1159422225-17906),Unassigned,2017-5-23 19:5:7,2017-8-22 17:39:0,172.18.4.8,173.251.20.37,WINDOWS,Windows 7 x64 SP: 1,2.0.3.4
SENTINEL\FOOTHILLS1,SENTINEL\foothills,2017-1-12 17:42:45,2017-8-22 17:38:56,127.0.0.1,173.251.20.37,WINDOWS,Windows 7 x64 SP: 1,1.0.6.161
SENTINEL\HAMPGREEN3,SENTINEL\hampshire a,2017-1-12 17:50:11,2017-8-22 17:38:55,,173.251.20.37,WINDOWS,Windows 7 x64 SP: 1,1.0.6.161
SENTINEL\FELLNER,SENTINEL\fellner,2017-5-1 14:10:43,2017-8-22 17:38:54,,173.251.20.37,WINDOWS,Windows 7 x64 SP: 1,1.0.6.161
SENTINEL\PETERSEN,SENTINEL\petersen,2016-11-2 19:14:22,2017-8-22 17:38:51,,173.251.20.37,WINDOWS,Windows 7 x64 SP: 1,1.0.6.161
SENTINEL\WINDWARD1,SENTINEL\windward place m,2017-1-12 17:56:46,2017-8-22 17:38:50,,173.251.20.37,WINDOWS,Windows 7 x64 SP: 1,1.0.6.161
SENTINEL\CHESWYCK17,SENTINEL\CHESWYCK L2,2017-6-12 15:49:31,2017-8-22 17:38:50,,173.251.20.37,WINDOWS,Windows 7 x64 SP: 1,1.0.6.161
SENTINEL\ANDOVERPLACE13,SENTINEL\andoverplacel1,2017-8-22 14:14:27,2017-8-22 17:38:47,,173.251.20.37,WINDOWS,Windows 7 x64 SP: 1,1.0.6.161
SENTINEL\DEERWOOD13,SENTINEL\colonyatDeerwoodl,2017-8-22 14:14:37,2017-8-22 17:38:47,,173.251.20.37,WINDOWS,Windows 7 x64 SP: 1,1.0.6.161
SENTINEL\COURTNEY50,SENTINEL\courtneystationl2,2017-8-22 14:13:16,2017-8-22 17:38:47,,173.251.20.37,WINDOWS,Windows 7 x64 SP: 1,1.0.6.161
SENTINEL\CHESWYCK1,SENTINEL\cheswyck m,2017-1-12 17:39:11,2017-8-22 17:38:46,127.0.0.1,173.251.20.37,WINDOWS,Windows 7 x64 SP: 1,1.0.6.161
SENTINEL\CENTREPOINTE2,SENTINEL\centrepointea,2017-8-22 14:12:41,2017-8-22 17:38:46,,173.251.20.37,WINDOWS,Windows 7 x64 SP: 1,1.0.6.161
SENTINEL\SORMILLON2,SENTINEL\sormillon,2017-1-12 17:55:22,2017-8-22 17:38:42,,173.251.20.37,WINDOWS,Windows 7 x64 SP: 1,1.0.6.161
SENTINEL\portalindex,SENTINEL\nimdaab,2016-11-4 16:44:3,2017-8-22 17:38:41,,173.251.20.37,WINDOWS,Server 2012 R2 x64 ,1.0.6.161
SENTINEL\pdc2,SENTINEL\olds,2016-11-4 16:27:23,2017-8-22 17:38:41,,173.251.20.37,WINDOWS,Server 2008 R2 x64 SP: 1,1.0.6.161
SENTINEL\CROSSINGS50,SENTINEL\crossingss,2017-1-12 17:38:20,2017-8-22 17:38:40,,173.251.20.37,WINDOWS,Windows 7 x64 SP: 1,1.0.6.161
SENTINEL\DEERWOOD4,SENTINEL\colony at deerwood a,2017-1-17 17:29:57,2017-8-22 17:38:39,127.0.0.1,173.251.20.37,WINDOWS,Windows 7 x64 SP: 1,1.0.6.161
SENTINEL\LOFTLAKEVIEW14,SENTINEL\loftsatlakeviewa,2017-8-22 14:13:49,2017-8-22 17:38:39,,173.251.20.37,WINDOWS,Windows 7 x64 SP: 1,1.0.6.161
SENTINEL\BONTERRA14,SENTINEL\Bonterral3,2017-8-22 14:14:5,2017-8-22 17:38:39,,173.251.20.37,WINDOWS,Windows 7 x64 SP: 1,1.0.6.161
SENTINEL\ADDISONPARK1,SENTINEL\addison park m,2017-1-12 17:26:28,2017-8-22 17:38:39,,173.251.20.37,WINDOWS,Windows 7 x64 SP: 1,1.0.6.161
SENTINEL\Portal3,SENTINEL\nimdaab,2016-11-4 16:37:11,2017-8-22 17:38:38,,173.251.20.37,WINDOWS,Server 2012 R2 x64 ,1.0.6.161
PIKECREEK3,SENTINEL\Pikecreek M,2017-1-12 17:52:30,2017-8-22 17:38:36,127.0.0.1,50.78.55.242,WINDOWS,Windows 7 x64 SP: 1,1.0.6.161
SENTINEL\GARDENSPOLARIS2,SENTINEL\gardens a,2017-1-12 17:43:16,2017-8-22 17:38:35,,173.251.20.37,WINDOWS,Windows 7 x64 SP: 1,1.0.6.161
SENTINEL\STAVRIDES,SENTINEL\stavrides,2017-1-12 17:55:41,2017-8-22 17:38:34,127.0.0.1,173.251.20.37,WINDOWS,Windows 7 x64 SP: 1,1.0.6.161
SENTINEL\PARKDELMAR3,SENTINEL\park del mar a,2017-1-12 17:53:7,2017-8-22 17:38:34,,173.251.20.37,WINDOWS,Windows 7 x64 SP: 1,1.0.6.161
SENTINEL\KELT,SENTINEL\kelt,2017-5-10 14:5:21,2017-8-22 17:38:33,127.0.0.1,173.251.20.37,WINDOWS,Windows 7 x64 SP: 1,1.0.6.161
SENTINEL\LARATRO,SENTINEL\laratro,2017-1-12 17:48:16,2017-8-22 17:38:33,,173.251.20.37,WINDOWS,Windows 7 x64 SP: 1,1.0.6.161
SENTINEL\VALLEYBROOK14,SENTINEL\valleybrook a,2017-1-12 17:56:1,2017-8-22 17:38:32,,173.251.20.37,WINDOWS,Windows 7 x64 SP: 1,1.0.6.161
SENTINEL\CHINAPEN1,SENTINEL\chinapen,2017-1-12 17:37:45,2017-8-22 17:38:32,,173.251.20.37,WINDOWS,Windows 7 x64 SP: 1,1.0.6.161
SENTINEL\QUALITYHILL3,SENTINEL\qualityhill,2017-8-22 14:14:16,2017-8-22 17:38:32,,173.251.20.37,WINDOWS,Windows 7 x64 SP: 1,1.0.6.161
SENTINEL\CYPRESSWOOD3,SENTINEL\cypresswoodm,2017-8-22 14:15:28,2017-8-22 17:38:32,,173.251.20.37,WINDOWS,Windows 7 x64 SP: 1,1.0.6.161
SENTINEL\GARDENSPOLARIS1,SENTINEL\gardens m,2017-1-12 17:43:13,2017-8-22 17:38:31,,173.251.20.37,WINDOWS,Windows 7 x64 SP: 1,1.0.6.161
SENTINEL\JACKSONPARK2,SENTINEL\jackson park m,2017-1-12 17:50:46,2017-8-22 17:38:31,,173.251.20.37,WINDOWS,Windows 7 x64 SP: 1,1.0.6.161
SENTINEL\ACADIA3,SENTINEL\acadiaa,2017-1-12 17:26:6,2017-8-22 17:38:31,,173.251.20.37,WINDOWS,Windows 7 x64 SP: 1,1.0.6.161
SENTINEL\BOXTONE2,SENTINEL\bona,2017-1-19 21:0:12,2017-8-22 17:38:31,,173.251.20.37,WINDOWS,Server 2008 R2 x64 SP: 1,1.0.6.161
SENTINEL\CHANDRAPAUL,SENTINEL\chandrapaul,2016-11-2 19:30:15,2017-8-22 17:38:31,127.0.0.1,173.251.20.37,WINDOWS,Windows 7 x64 SP: 1,1.0.6.161
SENTINEL\DISTCOLUMBUS1,SENTINEL\Sitterley,2017-8-22 14:13:36,2017-8-22 17:38:30,,173.251.20.37,WINDOWS,Windows 7 x64 SP: 1,1.0.6.161
SENTINEL\GRANDCENT50,SENTINEL\grandcentennials,2017-8-22 14:14:32,2017-8-22 17:38:28,,173.251.20.37,WINDOWS,Windows 7 x64 SP: 1,1.0.6.161
SENTINEL\esx-master,SENTINEL\nimdals,2017-1-18 16:6:18,2017-8-22 17:38:28,,173.251.20.37,WINDOWS,Server 2008 R2 x64 SP: 1,1.0.6.161
SENTINEL\TORO,SENTINEL\toro,2017-1-12 17:55:16,2017-8-22 17:38:28,,173.251.20.37,WINDOWS,Windows 7 x64 SP: 1,1.0.6.161
R97E8ZG,R97E8ZG\Administrator,2017-4-3 21:5:20,2017-8-22 17:38:27,192.168.5.108,50.74.185.3,WINDOWS,Windows 7 x64 SP: 1,1.0.6.161
SENTINEL\HARRISON,SENTINEL\harrison,2017-4-26 19:7:7,2017-8-22 17:38:26,127.0.0.1,173.251.20.37,WINDOWS,Windows 7 x64 SP: 1,1.0.6.161
SENTINEL\VINEYARDS50,SENTINEL\thevineyardss,2017-8-22 14:14:19,2017-8-22 17:38:25,,173.251.20.37,WINDOWS,Windows 7 x64 SP: 1,1.0.6.161
SENTINEL\CORNERSTONE50,SENTINEL\cornerstones,2017-8-22 14:14:6,2017-8-22 17:38:25,,173.251.20.37,WINDOWS,Windows 7 x64 SP: 1,1.0.6.161
SENTINEL\OBRIEN,SENTINEL\obrien,2017-1-12 17:51:46,2017-8-22 17:38:23,,173.251.20.37,WINDOWS,Windows 7 x64 SP: 1,1.0.6.161
SENTINEL\BELLI,SENTINEL\belli,2017-1-30 21:42:57,2017-8-22 17:38:23,127.0.0.1,173.251.20.37,WINDOWS,Windows 7 x64 SP: 1,1.0.6.161
SENTINEL\HOOL,SENTINEL\hool,2017-2-9 15:16:34,2017-8-22 17:38:23,127.0.0.1,173.251.20.37,WINDOWS,Windows 7 x64 SP: 1,1.0.6.161
SENTINEL\GRANDVIEW3,SENTINEL\grandview,2017-1-12 17:50:31,2017-8-22 17:38:22,,173.251.20.37,WINDOWS,Windows 7 x64 SP: 1,1.0.6.161
SENTINEL\FITZPATRICK,FITZPATRICK\Administrator,2017-1-20 19:23:27,2017-8-22 17:38:21,,173.251.20.37,WINDOWS,Windows 7 x64 SP: 1,1.0.6.161
SENTINEL\JOUMAS,SENTINEL\joumas,2017-8-22 14:22:20,2017-8-22 17:38:21,,173.251.20.37,WINDOWS,Windows 7 x64 SP: 1,1.0.6.161
SENTINEL\FRANGOS,SENTINEL\frangos,2017-1-6 14:19:1,2017-8-22 17:38:16,127.0.0.1,173.251.20.37,WINDOWS,Windows 7 x64 SP: 1,1.0.6.161
SENTINEL\CENTERPOINTE50,SENTINEL\centrepointes,2017-8-22 14:12:39,2017-8-22 17:38:16,,173.251.20.37,WINDOWS,Windows 7 x64 SP: 1,1.0.6.161
SENTINEL\MTNSHADOW13,SENTINEL\mtn shadows ca l,2017-1-12 17:54:10,2017-8-22 17:38:14,,173.251.20.37,WINDOWS,Windows 7 x64 SP: 1,1.0.6.161
SENTINEL\ESX-MASTER1,SENTINEL\fsremote,2017-4-14 20:11:25,2017-8-22 17:38:14,,173.251.20.37,WINDOWS,Server 2012 R2 x64 ,1.0.6.161
SENTINEL\QUALITYHILL2,SENTINEL\qualityhilla,2017-1-12 17:52:53,2017-8-22 17:38:13,127.0.0.1,173.251.20.37,WINDOWS,Windows 7 x64 SP: 1,1.0.6.161
SENTINEL\LINKPLUMCREEK14,SENTINEL\Plum Creek l,2017-1-12 17:57:44,2017-8-22 17:38:11,,173.251.20.37,WINDOWS,Windows 7 x64 SP: 1,1.0.6.161
SENTINEL\DIPIETRANTONIO,SENTINEL\dipietrantonio,2017-2-16 14:48:54,2017-8-22 17:38:10,127.0.0.1,173.251.20.37,WINDOWS,Windows 7 x64 SP: 1,1.0.6.161
SENTINEL\MONTERRA14,SENTINEL\monterral2,2017-1-12 17:54:9,2017-8-22 17:38:8,,173.251.20.37,WINDOWS,Windows 7 x64 SP: 1,1.0.6.161
SENTINEL\RIVERPOINTE15,SENTINEL\riverpointel2,2017-8-22 14:13:12,2017-8-22 17:38:8,,173.251.20.37,WINDOWS,Windows 7 x64 SP: 1,1.0.6.161
SENTINEL\VERSANT1,SENTINEL\versant m,2017-1-12 17:56:56,2017-8-22 17:38:8,,173.251.20.37,WINDOWS,Windows 7 x64 SP: 1,1.0.6.161
SENTINEL\HERNANDEZ,SENTINEL\hernandez,2017-1-12 17:48:19,2017-8-22 17:38:6,127.0.0.1,173.251.20.37,WINDOWS,Windows 7 x64 SP: 1,1.0.6.161
SENTINEL\SHANLEY,SENTINEL\sosa,2017-1-12 17:55:20,2017-8-22 17:38:1,,173.251.20.37,WINDOWS,Windows 7 x64 SP: 1,1.0.6.161
SENTINEL\GRANDCENT4,SENTINEL\Grand Centennial l2,2017-1-12 17:50:54,2017-8-22 17:37:59,,173.251.20.37,WINDOWS,Windows 7 x64 SP: 1,1.0.6.161
SENTINEL\VELEZ,SENTINEL\velez,2017-1-27 18:39:18,2017-8-22 17:37:58,,173.251.20.37,WINDOWS,Windows 7 x64 SP: 1,1.0.6.161
SENTINEL\TANNENBAUM,SENTINEL\satalich,2016-11-29 18:2:17,2017-8-22 17:37:58,127.0.0.1,173.251.20.37,WINDOWS,Windows 7 x64 SP: 1,1.0.6.161
SENTINEL\CENTREPOINTE13,SENTINEL\centrepointel,2017-8-22 14:12:40,2017-8-22 17:37:58,,173.251.20.37,WINDOWS,Windows 7 x64 SP: 1,1.0.6.161
SENTINEL\GRANDCENT2,SENTINEL\grand centennial m,2017-1-12 17:42:31,2017-8-22 17:37:56,,173.251.20.37,WINDOWS,Windows 7 x64 SP: 1,1.0.6.161
SENTINEL\HPThinClientDM1,SENTINEL\sormillon,2017-1-19 20:42:52,2017-8-22 17:37:56,,173.251.20.37,WINDOWS,Server 2008 R2 x64 SP: 1,1.0.6.161
SENTINEL\ACADIA1,SENTINEL\acadiam,2017-1-12 17:34:30,2017-8-22 17:37:56,,173.251.20.37,WINDOWS,Windows 7 x64 SP: 1,1.0.6.161
SENTINEL\ENCLAVEMEN14,SENTINEL\enclaveatmenifee l,2017-1-12 17:42:58,2017-8-22 17:37:56,,173.251.20.37,WINDOWS,Windows 7 x64 SP: 1,1.0.6.161
SENTINEL\QUINNCROSSING13,SENTINEL\Quinnl,2017-8-22 14:14:19,2017-8-22 17:37:55,,173.251.20.37,WINDOWS,Windows 7 x64 SP: 1,1.0.6.161
SENTINEL\KINGSCREST14,SENTINEL\kingscrestL2,2017-8-22 14:13:24,2017-8-22 17:37:55,,173.251.20.37,WINDOWS,Windows 7 x64 SP: 1,1.0.6.161
SENTINEL\REYES,SENTINEL\reyes,2017-3-10 20:18:0,2017-8-22 17:37:55,127.0.0.1,173.251.20.37,WINDOWS,Windows 7 x64 SP: 1,1.0.6.161
SENTINEL\MIATA,SENTINEL\miata,2017-1-12 17:51:53,2017-8-22 17:37:52,,173.251.20.37,WINDOWS,Windows 7 x64 SP: 1,1.0.6.161
SENTINEL\ad2,SENTINEL\olds,2016-11-4 15:58:55,2017-8-22 17:37:51,,173.251.20.37,WINDOWS,Server 2008 R2 x64 SP: 1,1.0.6.161
SENTINEL\exchange4,SENTINEL\bona,2016-11-4 16:28:49,2017-8-22 17:37:51,,173.251.20.53,WINDOWS,Server 2008 R2 x64 SP: 1,1.0.6.161
SENTINEL\NONAPARK13,SENTINEL\nonaparkl,2017-8-22 14:13:29,2017-8-22 17:37:51,,173.251.20.37,WINDOWS,Windows 7 x64 SP: 1,1.0.6.161
SENTINEL\BRESLIN,SENTINEL\breslin,2016-12-30 17:18:44,2017-8-22 17:37:49,127.0.0.1,173.251.20.37,WINDOWS,Windows 7 x64 SP: 1,1.0.6.161
SENTINEL\DISTRALEIGH3,SENTINEL\Thompson,2017-8-22 14:14:5,2017-8-22 17:37:48,,173.251.20.37,WINDOWS,Windows 7 x64 SP: 1,1.0.6.161
SENTINEL\RIVERPOINTE13,SENTINEL\riverpointel,2017-8-22 14:13:12,2017-8-22 17:37:45,,173.251.20.37,WINDOWS,Windows 7 x64 SP: 1,1.0.6.161
SENTINEL\JACKSONPARK14,SENTINEL\jackson park l2,2017-1-12 17:50:49,2017-8-22 17:37:44,,173.251.20.37,WINDOWS,Windows 7 x64 SP: 1,1.0.6.161
SENTINEL\ARBORHILLS3,SENTINEL\arbor hills a,2017-1-13 15:9:39,2017-8-22 17:37:43,,173.251.20.37,WINDOWS,Windows 7 x64 SP: 1,1.0.6.161
SENTINEL\LOFTLAKEVIEW15,SENTINEL\loftsatlakeviewl3,2017-8-22 14:13:54,2017-8-22 17:37:41,,173.251.20.37,WINDOWS,Windows 7 x64 SP: 1,1.0.6.161
SENTINEL\BALOGA,SENTINEL\baloga,2017-2-8 17:54:15,2017-8-22 17:37:40,127.0.0.1,173.251.20.37,WINDOWS,Windows 7 x64 SP: 1,1.0.6.161
SENTINEL\LUDVIGSEN,SENTINEL\ludvigsen,2016-12-15 20:20:12,2017-8-22 17:37:40,127.0.0.1,173.251.20.37,WINDOWS,Windows 7 x64 SP: 1,1.0.6.161
SENTINEL\ENCLAVEMEN3,SENTINEL\enclaveatmenifee a,2017-1-12 17:42:51,2017-8-22 17:37:38,,173.251.20.37,WINDOWS,Windows 7 x64 SP: 1,1.0.6.161
SENTINEL\SONTERRA3,SENTINEL\sonterra at pv a,2017-1-12 17:57:8,2017-8-22 17:37:37,,173.251.20.37,WINDOWS,Windows 7 x64 SP: 1,1.0.6.161
SENTINEL\LUCERNE13,SENTINEL\lucerne l,2017-1-12 17:49:27,2017-8-22 17:37:36,127.0.0.1,173.251.20.37,WINDOWS,Windows 7 x64 SP: 1,1.0.6.161
SENTINEL\POLINSKI,SENTINEL\polinski,2017-3-16 20:28:42,2017-8-22 17:37:35,127.0.0.1,173.251.20.37,WINDOWS,Windows 7 x64 SP: 1,1.0.6.161
SENTINEL\KINGSCREST2,SENTINEL\kingscrest a,2017-1-12 17:49:9,2017-8-22 17:37:35,,173.251.20.37,WINDOWS,Windows 7 x64 SP: 1,1.0.6.161
SENTINEL\HEALY,SENTINEL\healy,2017-1-12 17:48:20,2017-8-22 17:37:34,,173.251.20.37,WINDOWS,Windows 7 x64 SP: 1,1.0.6.161
SENTINEL\CITYPLACE15,SENTINEL\CityplaceS,2017-8-22 14:13:13,2017-8-22 17:37:30,,173.251.20.37,WINDOWS,Windows 7 x64 SP: 1,1.0.6.161
SENTINEL\EGRETS15,SENTINEL\egretslandingl3,2017-8-22 15:31:9,2017-8-22 17:37:28,,173.251.20.37,WINDOWS,Windows 7 x64 SP: 1,1.0.6.161
SENTINEL\QUALITYHILL5,SENTINEL\allenj,2017-8-22 17:37:13,2017-8-22 17:37:27,,173.251.20.37,WINDOWS,Windows 7 x64 SP: 1,1.0.6.161
SENTINEL\PARKDELMAR2,SENTINEL\park del mar m,2017-1-12 17:53:8,2017-8-22 17:37:22,,173.251.20.37,WINDOWS,Windows 7 x64 SP: 1,1.0.6.161
SENTINEL\ARBORHILLS16,SENTINEL\arborhillsl4,2017-8-22 14:14:8,2017-8-22 17:37:22,,173.251.20.37,WINDOWS,Windows 7 x64 SP: 1,1.0.6.161
SENTINEL\SYCAMORE13,SENTINEL\sycamore l,2017-1-12 17:57:9,2017-8-22 17:37:21,,173.251.20.37,WINDOWS,Windows 7 x64 SP: 1,1.0.6.161
SENTINEL\CHAMBLIN,SENTINEL\chamblin,2017-1-12 17:46:18,2017-8-22 17:37:19,,173.251.20.37,WINDOWS,Windows 7 x64 SP: 1,1.0.6.161
SENTINEL\NONAPARK3,SENTINEL\nonapark,2017-1-12 17:52:44,2017-8-22 17:37:19,,173.251.20.37,WINDOWS,Windows 7 x64 SP: 1,1.0.6.161
SENTINEL\PELAEZ-LEONG,SENTINEL\pelaez,2017-4-27 14:24:31,2017-8-22 17:37:16,127.0.0.1,173.251.20.37,WINDOWS,Windows 7 x64 SP: 1,1.0.6.161
SENTINEL\KRAUT,SENTINEL\kraut,2017-2-28 19:35:47,2017-8-22 17:37:16,,173.251.20.37,WINDOWS,Windows 7 x64 SP: 1,1.0.6.161
SENTINEL\WESCOTT13,SENTINEL\reservel,2017-8-22 14:14:31,2017-8-22 17:37:16,,173.251.20.37,WINDOWS,Windows 7 x64 SP: 1,1.0.6.161
SENTINEL\GREENHOUSE1,SENTINEL\greenhouse m,2017-1-12 17:42:33,2017-8-22 17:37:14,,173.251.20.37,WINDOWS,Windows 7 x64 SP: 1,1.0.6.161
T540p-R90HKLSA,user,2016-11-2 18:29:41,2017-8-22 17:37:13,192.168.4.221,50.74.185.3,WINDOWS,Windows 10 x64,1.0.6.161
SENTINEL\FOOTHILLS14,SENTINEL\Foothillsl,2017-8-22 14:14:10,2017-8-22 17:37:12,,173.251.20.37,WINDOWS,Windows 7 x64 SP: 1,1.0.6.161
SENTINEL\LUCERNE50,SENTINEL\lucernes,2017-8-22 14:13:16,2017-8-22 17:37:12,,173.251.20.37,WINDOWS,Windows 7 x64 SP: 1,1.0.6.161
SENTINEL\FIRSTANDMAIN50,SENTINEL\firstandmains,2017-1-12 17:42:7,2017-8-22 17:37:11,,173.251.20.37,WINDOWS,Windows 7 x64 SP: 1,1.0.6.161
SENTINEL\PRESERVE13,SENTINEL\preserveblueravine l,2017-1-12 18:1:36,2017-8-22 17:37:10,,173.251.20.37,WINDOWS,Windows 7 x64 SP: 1,1.0.6.161
SENTINEL\file2,SENTINEL\nimdaab,2016-11-4 16:41:53,2017-8-22 17:37:10,,173.251.20.37,WINDOWS,Server 2012 R2 x64 ,1.0.6.161
SENTINEL\Hall1,SENTINEL\hall,2017-1-18 21:23:40,2017-8-22 17:37:10,,173.251.20.37,WINDOWS,Windows 10 x64,1.0.6.161
SENTINEL\LUCERNE4,SENTINEL\lucerne m,2017-1-12 17:57:56,2017-8-22 17:37:9,,173.251.20.37,WINDOWS,Windows 7 x64 SP: 1,1.0.6.161
SENTINEL\STIEGLITZ,STIEGLITZ\Administrator,2017-1-12 16:28:28,2017-8-22 17:37:8,,173.251.20.37,WINDOWS,Windows 7 x64 SP: 1,1.0.6.161
SENTINEL\DISTCAL2,SENTINEL\yurcich,2017-8-22 17:8:34,2017-8-22 17:37:8,,173.251.20.37,WINDOWS,Windows 7 x64 SP: 1,1.0.6.161
SENTINEL\COPPERFIELD4,SENTINEL\copperfield a,2017-1-12 17:38:57,2017-8-22 17:37:7,,173.251.20.37,WINDOWS,Windows 7 x64 SP: 1,1.0.6.161
SENTINEL\LITTLESTONE1,SENTINEL\littlestone m,2017-1-12 17:49:23,2017-8-22 17:37:3,,173.251.20.37,WINDOWS,Windows 7 x64 SP: 1,1.0.6.161
SENTINEL\CORDILLERA2,SENTINEL\cordilleraa,2017-1-12 17:38:49,2017-8-22 17:37:3,,173.251.20.37,WINDOWS,Windows 7 x64 SP: 1,1.0.6.161
SENTINEL\DISTINDIAN2,SENTINEL\graber,2017-8-22 14:14:40,2017-8-22 17:37:0,,173.251.20.37,WINDOWS,Windows 7 x64 SP: 1,1.0.6.161
SENTINEL\DCCOMM3,SENTINEL\glass,2017-1-12 17:42:14,2017-8-22 17:37:0,,173.251.20.37,WINDOWS,Windows 7 x64 SP: 1,1.0.6.161
SENTINEL\BONTERRA50,SENTINEL\bonterraS,2017-8-22 14:13:59,2017-8-22 17:36:59,,173.251.20.37,WINDOWS,Windows 7 x64 SP: 1,1.0.6.161
SENTINEL\WOODBERRY50,SENTINEL\Woodberrys,2017-8-22 14:13:58,2017-8-22 17:36:59,,173.251.20.37,WINDOWS,Windows 7 x64 SP: 1,1.0.6.161
SENTINEL\CITYPLACE1,SENTINEL\cityplace,2017-1-12 17:38:35,2017-8-22 17:36:59,,173.251.20.37,WINDOWS,Windows 7 x64 SP: 1,1.0.6.161
SENTINEL\DELANO1,SENTINEL\delano m,2017-1-12 17:57:27,2017-8-22 17:36:58,,173.251.20.37,WINDOWS,Windows 7 x64 SP: 1,1.0.6.161
SENTINEL\SYCAMORE4,SENTINEL\sycamore m,2017-1-12 17:57:8,2017-8-22 17:36:56,127.0.0.1,173.251.20.37,WINDOWS,Windows 7 x64 SP: 1,1.0.6.161
SENTINEL\RIVERPLACE50,SENTINEL\Riverplacecomms,2017-8-22 14:13:50,2017-8-22 17:36:55,,173.251.20.37,WINDOWS,Windows 7 x64 SP: 1,1.0.6.161
SENTINEL\KINGSCREST1,SENTINEL\kingscrest m,2017-1-12 17:49:8,2017-8-22 17:36:54,,173.251.20.37,WINDOWS,Windows 7 x64 SP: 1,1.0.6.161
SENTINEL\ARBORDUBLIN1,SENTINEL\arbors m,2017-1-12 17:30:21,2017-8-22 17:36:53,,173.251.20.37,WINDOWS,Windows 7 x64 SP: 1,1.0.6.161
SENTINEL\LUCAS,SENTINEL\lucas,2017-1-12 17:48:29,2017-8-22 17:36:53,,173.251.20.37,WINDOWS,Windows 7 x64 SP: 1,1.0.6.161
zagredaimac2017.sentinelcorp.com,zagredaimac2017.sentinelcorp.com,2017-5-16 19:27:4,2017-8-22 17:36:40,172.17.8.20,173.251.20.37,MAC,MAC OS X 10.12.6,1.2.2.11
SENTINEL\MONDESIR,SENTINEL\mondesir,2017-4-19 19:39:46,2017-8-22 17:36:39,127.0.0.1,173.251.20.37,WINDOWS,Windows 7 x64 SP: 1,1.0.6.161
SENTINEL\NIEGLOS,SENTINEL\nieglos,2017-1-25 14:17:18,2017-8-22 17:36:38,127.0.0.1,173.251.20.37,WINDOWS,Windows 7 x64 SP: 1,1.0.6.161
SENTINEL\LACOSTA1,SENTINEL\lacosta m,2017-1-12 17:50:23,2017-8-22 17:36:38,,173.251.20.37,WINDOWS,Windows 7 x64 SP: 1,1.0.6.161
SENTINEL\OAKWELLFARM3,SENTINEL\oakwell a,2017-1-12 17:52:45,2017-8-22 17:36:37,,173.251.20.37,WINDOWS,Windows 7 x64 SP: 1,1.0.6.161
SENTINEL\LACOSTA13,SENTINEL\lacostal,2017-8-22 14:14:6,2017-8-22 17:36:35,,173.251.20.37,WINDOWS,Windows 7 x64 SP: 1,1.0.6.161
SENTINEL\CROSSINGS13,SENTINEL\Crossingsl,2017-1-12 17:38:24,2017-8-22 17:36:33,,173.251.20.37,WINDOWS,Windows 7 x64 SP: 1,1.0.6.161
SENTINEL\CARDINAL,SENTINEL\cardinal,2017-1-11 17:14:17,2017-8-22 17:36:33,,173.251.20.37,WINDOWS,Windows 7 x64 SP: 1,1.0.6.161
SENTINEL\EASTCHASE13,SENTINEL\eastchasel,2017-8-22 14:14:3,2017-8-22 17:36:28,,173.251.20.37,WINDOWS,Windows 7 x64 SP: 1,1.0.6.161
SENTINEL\HABBACH,SENTINEL\habbach,2017-3-29 13:50:22,2017-8-22 17:36:27,,173.251.20.37,WINDOWS,Windows 7 x64 SP: 1,1.0.6.161
SENTINEL\CORBINGREENS3,SENTINEL\corbingreensa,2017-1-12 17:38:31,2017-8-22 17:36:25,,173.251.20.37,WINDOWS,Windows 7 x64 SP: 1,1.0.6.161
SENTINEL\PDC3,SENTINEL\smolds,2016-11-4 16:23:6,2017-8-22 17:36:23,,173.251.20.37,WINDOWS,Server 2008 R2 x64 SP: 1,1.0.6.161
SENTINEL\DISTINDIAN3,SENTINEL\allenp,2017-8-22 14:14:43,2017-8-22 17:36:21,,173.251.20.37,WINDOWS,Windows 7 x64 SP: 1,1.0.6.161
SENTINEL\CHAN,SENTINEL\chan,2017-4-17 15:56:47,2017-8-22 17:36:20,127.0.0.1,173.251.20.37,WINDOWS,Windows 7 x64 SP: 1,1.0.6.161
SENTINEL\MARISCAL,SENTINEL\mariscal,2017-3-1 16:44:14,2017-8-22 17:36:19,127.0.0.1,173.251.20.37,WINDOWS,Windows 7 x64 SP: 1,1.0.6.161
SENTINEL\EASTCHASE50,SENTINEL\eastchases,2017-8-22 14:13:58,2017-8-22 17:36:18,,173.251.20.37,WINDOWS,Windows 7 x64 SP: 1,1.0.6.161
SENTINEL\sophosav,SENTINEL\sormillon,2016-11-4 16:51:10,2017-8-22 17:36:17,,173.251.20.37,WINDOWS,Server 2008 R2 x64 SP: 1,1.0.6.161
SENTINEL\BDS1,SENTINEL\nimdals,2017-1-19 21:4:14,2017-8-22 17:36:13,,173.251.20.37,WINDOWS,Server 2008 R2 x64 SP: 1,1.0.6.161
SENTINEL\partnerportal,bona,2016-11-4 16:47:38,2017-8-22 17:36:13,,173.251.20.44,WINDOWS,Server 2003 x86 SP: 2,1.0.6.161
SENTINEL\LACOSTA14,SENTINEL\lacostal2,2017-8-22 14:14:7,2017-8-22 17:36:11,,173.251.20.37,WINDOWS,Windows 7 x64 SP: 1,1.0.6.161
SENTINEL\ACADIA15,SENTINEL\acadial3,2017-8-22 14:13:54,2017-8-22 17:36:10,,173.251.20.37,WINDOWS,Windows 7 x64 SP: 1,1.0.6.161
SENTINEL\GRANDVIEW50,SENTINEL\grandviews,2017-8-22 14:16:35,2017-8-22 17:36:5,,173.251.20.37,WINDOWS,Windows 7 x64 SP: 1,1.0.6.161
SENTINEL\23HUNDRED,SENTINEL\23hundred m,2017-1-12 16:39:56,2017-8-22 17:36:4,,173.251.20.37,WINDOWS,Windows 7 x64 SP: 1,1.0.6.161
SENTINEL\GRANDVIEW14,SENTINEL\grandviewl2,2017-1-12 17:42:6,2017-8-22 17:36:3,,173.251.20.37,WINDOWS,Windows 7 x64 SP: 1,1.0.6.161
SENTINEL\CROWELL,SENTINEL\crowell,2017-2-10 16:1:35,2017-8-22 17:36:1,127.0.0.1,173.251.20.37,WINDOWS,Windows 7 x64 SP: 1,1.0.6.161
SENTINEL\WINDWARDLP3,SENTINEL\windward m,2017-1-12 17:56:25,2017-8-22 17:35:50,,173.251.20.37,WINDOWS,Windows 7 x64 SP: 1,1.0.6.161
SENTINEL\ANTELOPERIDGE1,SENTINEL\anteloperidge m,2017-1-12 17:26:28,2017-8-22 17:35:49,127.0.0.1,173.251.20.37,WINDOWS,Windows 7 x64 SP: 1,1.0.6.161
SENTINEL\COURTNEY14,SENTINEL\courtneystationl2,2017-1-12 17:38:24,2017-8-22 17:35:46,127.0.0.1,173.251.20.37,WINDOWS,Windows 7 x64 SP: 1,1.0.6.161
SENTINEL\AVANT3,SENTINEL\avanta,2017-1-12 17:30:2,2017-8-22 17:35:43,127.0.0.1,173.251.20.37,WINDOWS,Windows 7 x64 SP: 1,1.0.6.161
SENTINEL\WILLOWSPRINGS4,SENTINEL\willowspringsl,2017-8-22 14:14:45,2017-8-22 17:35:41,,173.251.20.37,WINDOWS,Windows 7 x64 SP: 1,1.0.6.161
SENTINEL\WESTON4,SENTINEL\westonpoint a,2017-1-12 17:56:51,2017-8-22 17:35:39,,173.251.20.37,WINDOWS,Windows 7 x64 SP: 1,1.0.6.161
SENTINEL\DHIMA,SENTINEL\dhima,2017-2-14 20:34:1,2017-8-22 17:35:38,127.0.0.1,173.251.20.37,WINDOWS,Windows 7 x64 SP: 1,1.0.6.161
SENTINEL\RITTER,SENTINEL\ritter,2016-12-21 14:46:41,2017-8-22 17:35:37,,173.251.20.37,WINDOWS,Windows 7 x64 SP: 1,1.0.6.161
SENTINEL\PARAGON14,SENTINEL\paragonl,2017-8-22 14:14:2,2017-8-22 17:35:35,,173.251.20.37,WINDOWS,Windows 7 x64 SP: 1,1.0.6.161
SENTINEL\CORBINGREEN14,SENTINEL\corbingreensl2,2017-8-22 14:13:9,2017-8-22 17:35:35,,173.251.20.37,WINDOWS,Windows 7 x64 SP: 1,1.0.6.161
SENTINEL\CHERRYCREEK50,SENTINEL\enclavecherrycreeks,2017-8-22 14:14:5,2017-8-22 17:35:35,,173.251.20.37,WINDOWS,Windows 7 x64 SP: 1,1.0.6.161
SENTINEL\EGRETSLANDING3,SENTINEL\egrets landing a,2017-1-12 17:43:40,2017-8-22 17:35:24,10.8.3.3,173.251.20.37,WINDOWS,Windows 7 x64 SP: 1,1.0.6.161
SENTINEL\SMITHS,SENTINEL\smiths,2016-11-22 17:41:24,2017-8-22 17:35:23,127.0.0.1,173.251.20.37,WINDOWS,Windows 7 x64 SP: 1,1.0.6.161
SENTINEL\DISTMEMPHIS1,SENTINEL\Jones,2017-8-22 14:13:58,2017-8-22 17:35:20,,173.251.20.37,WINDOWS,Windows 7 x64 SP: 1,1.0.6.161
SENTINEL\CORDILLERA13,SENTINEL\cordilleral,2017-8-22 14:12:24,2017-8-22 17:35:19,,173.251.20.37,WINDOWS,Windows 7 x64 SP: 1,1.0.6.161
SENTINEL\COX,SENTINEL\cox,2017-5-2 14:18:12,2017-8-22 17:35:15,127.0.0.1,173.251.20.37,WINDOWS,Windows 7 x64 SP: 1,1.0.6.161
SENTINEL\EASTCHASE1,SENTINEL\east chase m,2017-1-12 17:42:33,2017-8-22 17:35:14,,173.251.20.37,WINDOWS,Windows 7 x64 SP: 1,1.0.6.161
SENTINEL\BARTONVINE4,SENTINEL\barton vineyard m,2017-1-12 17:39:22,2017-8-22 17:35:13,,173.251.20.37,WINDOWS,Windows 7 x64 SP: 1,1.0.6.161
SENTINEL\LOFTSLAKEVIEW1,SENTINEL\lofts at lakeview m,2017-1-12 17:53:37,2017-8-22 17:35:10,,173.251.20.37,WINDOWS,Windows 7 x64 SP: 1,1.0.6.161
SENTINEL\COURTNEY1,SENTINEL\courtneystation,2017-1-12 17:38:22,2017-8-22 17:35:8,,173.251.20.37,WINDOWS,Windows 7 x64 SP: 1,1.0.6.161
SENTINEL\WILDWOOD14,SENTINEL\wildwoodforestl2,2017-8-22 14:14:22,2017-8-22 17:35:6,,173.251.20.37,WINDOWS,Windows 7 x64 SP: 1,1.0.6.161
SENTINEL\LOFTLAKEVIEW13,SENTINEL\loftsatlakeviewl,2017-8-22 14:13:51,2017-8-22 17:35:6,,173.251.20.37,WINDOWS,Windows 7 x64 SP: 1,1.0.6.161
SENTINEL\JACKSONPARK3,SENTINEL\jackson park a,2017-1-12 17:50:51,2017-8-22 17:35:2,,173.251.20.37,WINDOWS,Windows 7 x64 SP: 1,1.0.6.161
SENTINEL\CYPRESSWOOD4,SENTINEL\cypresswooda,2017-8-22 14:15:28,2017-8-22 17:34:58,,173.251.20.37,WINDOWS,Windows 7 x64 SP: 1,1.0.6.161
SENTINEL\ARCE,SENTINEL\arce,2017-2-27 19:59:59,2017-8-22 17:34:57,172.20.8.17,173.251.20.37,WINDOWS,Windows 7 x64 SP: 1,1.0.6.161
SENTINEL\PRESERVE1,SENTINEL\preserveblueravine m,2017-1-13 16:26:35,2017-8-22 17:34:54,,173.251.20.37,WINDOWS,Windows 7 x64 SP: 1,1.0.6.161
SENTINEL\BILASZ,SENTINEL\bilasz,2017-1-9 18:6:58,2017-8-22 17:34:53,127.0.0.1,173.251.20.37,WINDOWS,Windows 7 x64 SP: 1,1.0.6.161
SENTINEL\olds-w10,SENTINEL\olds,2016-11-1 13:35:47,2017-8-22 17:34:49,127.0.0.1,173.251.20.37,WINDOWS,Windows 10 x64,1.0.6.161
SENTINEL\DEERWOOD3,SENTINEL\colony at deerwood m,2017-1-12 17:42:27,2017-8-22 17:34:49,,173.251.20.37,WINDOWS,Windows 7 x64 SP: 1,1.0.6.161
SENTINEL\VERSANT2,SENTINEL\versanta,2017-8-22 14:14:23,2017-8-22 17:34:47,,173.251.20.37,WINDOWS,Windows 7 x64 SP: 1,1.0.6.161
SENTINEL\VALLEYBROOK2,SENTINEL\valleybrook m,2017-1-12 17:56:2,2017-8-22 17:34:45,,173.251.20.37,WINDOWS,Windows 7 x64 SP: 1,1.0.6.161
SENTINEL\WILLOWSPRINGS3,SENTINEL\willow springs a,2017-1-12 17:57:24,2017-8-22 17:34:43,,173.251.20.37,WINDOWS,Windows 7 x64 SP: 1,1.0.6.161
SENTINEL\landesk3,SENTINEL\ldadmin,2016-11-4 16:32:46,2017-8-22 17:34:43,,173.251.20.37,WINDOWS,Server 2012 R2 x64 ,1.0.6.161
SENTINEL\CARRINGTON13,SENTINEL\Carringtonl,2017-1-12 17:47:1,2017-8-22 17:34:43,127.0.0.1,173.251.20.37,WINDOWS,Windows 7 x64 SP: 1,1.0.6.161
SENTINEL\CHESWYCK2,SENTINEL\cheswyck a,2017-1-12 17:39:0,2017-8-22 17:34:42,10.25.240.2,173.251.20.37,WINDOWS,Windows 7 x64 SP: 1,1.0.6.161
SENTINEL\GOTHAMPROP_ACT1,SENTINEL\gotham,2017-1-12 17:41:57,2017-8-22 17:34:39,,173.251.20.37,WINDOWS,Windows 7 x64 SP: 1,1.0.6.161
SENTINEL\LEKHRAJ,SENTINEL\lekhraj,2017-2-16 17:44:43,2017-8-22 17:34:39,127.0.0.1,173.251.20.37,WINDOWS,Windows 7 x64 SP: 1,1.0.6.161
SENTINEL\SHADELAND2,SENTINEL\Shadelanda,2017-8-22 14:13:41,2017-8-22 17:34:38,,173.251.20.37,WINDOWS,Windows 7 x64 SP: 1,1.0.6.161
SENTINEL\BONAV (S-1-5-21-753412686-597961653-1159422225-19913),Unassigned,2017-3-13 12:43:58,2017-8-22 17:34:37,,173.251.20.37,WINDOWS,Windows 7 x86 SP: 1,1.0.6.161
SENTINEL\RITTENHOUSE2,SENTINEL\rittenhouses,2017-1-12 18:5:40,2017-8-22 17:34:35,,173.251.20.37,WINDOWS,Windows 7 x64 SP: 1,1.0.6.161
randazzoimac.sentinelcorp.com,randazzoimac.sentinelcorp.com,2017-5-16 14:28:13,2017-8-22 17:34:35,172.17.8.17,173.251.20.37,MAC,MAC OS X 10.12.5,1.2.2.11
SENTINEL\MENECHINO,SENTINEL\menechino,2017-2-14 14:8:39,2017-8-22 17:34:35,127.0.0.1,173.251.20.37,WINDOWS,Windows 7 x64 SP: 1,1.0.6.161
SENTINEL\CORDILLERA1,SENTINEL\cordilleram,2017-1-12 17:38:49,2017-8-22 17:34:34,,173.251.20.37,WINDOWS,Windows 7 x64 SP: 1,1.0.6.161
SENTINEL\GLENBROOK14,SENTINEL\glenbrookl2,2017-1-12 17:42:9,2017-8-22 17:34:33,,173.251.20.37,WINDOWS,Windows 7 x64 SP: 1,1.0.6.161
SENTINEL\AVANT50,SENTINEL\avants,2017-8-22 14:12:57,2017-8-22 17:34:24,,173.251.20.37,WINDOWS,Windows 7 x64 SP: 1,1.0.6.161
SENTINEL\CORDILLERA50,SENTINEL\cordilleras,2017-8-22 14:12:28,2017-8-22 17:34:23,,173.251.20.37,WINDOWS,Windows 7 x64 SP: 1,1.0.6.161
SENTINEL\helpdesk,smolds,2017-1-18 16:41:52,2017-8-22 17:34:23,,173.251.20.37,WINDOWS,Server 2003 x86 SP: 2,1.0.6.161
SENTINEL\VALENCIA50,SENTINEL\hillsofvalencias,2017-8-22 14:14:30,2017-8-22 17:34:22,,173.251.20.37,WINDOWS,Windows 7 x64 SP: 1,1.0.6.161
SENTINEL\CORBINGREEN13,SENTINEL\corbingreensl,2017-8-22 14:13:14,2017-8-22 17:34:19,,173.251.20.37,WINDOWS,Windows 7 x64 SP: 1,1.0.6.161
SENTINEL\FIRSTANDMAIN13,SENTINEL\firstandmainl,2017-1-12 17:42:8,2017-8-22 17:34:18,,173.251.20.37,WINDOWS,Windows 7 x64 SP: 1,1.0.6.161
SENTINEL\OAKS2,SENTINEL\oaksa,2017-1-13 16:25:4,2017-8-22 17:34:18,,173.251.20.37,WINDOWS,Windows 7 x64 SP: 1,1.0.6.161
SENTINEL\DEERWOOD50,SENTINEL\colonyatdeerwoods,2017-8-22 14:14:36,2017-8-22 17:34:16,,173.251.20.37,WINDOWS,Windows 7 x64 SP: 1,1.0.6.161
SENTINEL\ACADIA50,SENTINEL\acadias,2017-8-22 14:13:56,2017-8-22 17:34:15,,173.251.20.37,WINDOWS,Windows 7 x64 SP: 1,1.0.6.161
SENTINEL\RIVERPLACECOMM6 (S-1-5-21-753412686-597961653-1159422225-20741),SENTINEL\waldrop,2017-1-13 0:8:40,2017-8-22 17:34:13,127.0.0.1,173.251.20.37,WINDOWS,Windows 7 x86 SP: 1,1.0.6.161
SENTINEL\AVENELL13,SENTINEL\Avenell,2017-8-22 14:12:11,2017-8-22 17:34:10,,173.251.20.37,WINDOWS,Windows 7 x64 SP: 1,1.0.6.161
SENTINEL\SONTERRA2,SENTINEL\sonterra at pv m,2017-1-12 17:57:14,2017-8-22 17:34:10,,173.251.20.37,WINDOWS,Windows 7 x64 SP: 1,1.0.6.161
SENTINEL\THECOMMONS2,SENTINEL\the commons m,2017-1-12 17:57:20,2017-8-22 17:34:10,,173.251.20.37,WINDOWS,Windows 7 x64 SP: 1,1.0.6.161
SENTINEL\PARAGON50,SENTINEL\paragons,2017-8-22 14:14:2,2017-8-22 17:34:10,,173.251.20.37,WINDOWS,Windows 7 x64 SP: 1,1.0.6.161
SENTINEL\CAPITALONE,SENTINEL\hirshberg,2017-1-12 17:37:25,2017-8-22 17:34:3,,173.251.20.37,WINDOWS,Windows 7 x64 SP: 1,1.0.6.161
SENTINEL\BARTONVINE3,SENTINEL\barton vineyard a,2017-1-12 17:30:56,2017-8-22 17:34:1,,173.251.20.37,WINDOWS,Windows 7 x64 SP: 1,1.0.6.161
SENTINEL\ARBORDUBLIN2,SENTINEL\arbors a,2017-1-12 17:30:20,2017-8-22 17:33:59,,173.251.20.37,WINDOWS,Windows 7 x64 SP: 1,1.0.6.161
SENTINEL\VALLEYBROOK50,SENTINEL\valleybrooks,2017-8-22 14:12:2,2017-8-22 17:33:55,,173.251.20.37,WINDOWS,Windows 7 x64 SP: 1,1.0.6.161
SENTINEL\VERSANT14,SENTINEL\versantl2,2017-8-22 14:14:23,2017-8-22 17:33:51,,173.251.20.37,WINDOWS,Windows 7 x64 SP: 1,1.0.6.161
SENTINEL\BRITTONV (S-1-5-21-753412686-597961653-1159422225-22736),,2017-3-20 20:19:54,2017-8-22 17:33:42,,173.251.20.37,WINDOWS,Windows 7 x86 SP: 1,1.0.6.161
SENTINEL\DELAYNE3,SENTINEL\delaynem,2017-1-12 17:56:9,2017-8-22 17:33:39,,173.251.20.37,WINDOWS,Windows 7 x64 SP: 1,1.0.6.161
SENTINEL\PARKDELMAR13,SENTINEL\parkdelmarl,2017-8-22 14:14:14,2017-8-22 17:33:36,,173.251.20.37,WINDOWS,Windows 7 x64 SP: 1,1.0.6.161
SENTINEL\CHERRYCREEK1,SENTINEL\enclavecherrycreek,2017-8-22 14:14:11,2017-8-22 17:33:29,,173.251.20.37,WINDOWS,Windows 7 x64 SP: 1,1.0.6.161
SENTINEL\GRANDVIEW13,SENTINEL\grandviewl,2017-1-12 17:42:11,2017-8-22 17:33:26,127.0.0.1,173.251.20.37,WINDOWS,Windows 7 x64 SP: 1,1.0.6.161
SENTINEL\General,nimdalh,2016-11-4 18:43:26,2017-8-22 17:33:26,172.16.7.7,173.251.20.37,WINDOWS,Server 2008 x86 SP: 2,1.0.6.161
SENTINEL\WILLOWSPRINGS50,SENTINEL\willowspringss,2017-8-22 14:14:47,2017-8-22 17:33:25,,173.251.20.37,WINDOWS,Windows 7 x64 SP: 1,1.0.6.161
SENTINEL\TOWNCENTER3,SENTINEL\town center a,2017-1-12 18:5:22,2017-8-22 17:33:22,,173.251.20.37,WINDOWS,Windows 7 x64 SP: 1,1.0.6.161
SENTINEL\BARTOLOMEI,SENTINEL\bartolomei,2017-1-12 17:29:1,2017-8-22 17:33:20,,173.251.20.37,WINDOWS,Windows 7 x64 SP: 1,1.0.6.161
SENTINEL\EGRETSLANDING2,SENTINEL\egrets landing m,2017-1-12 17:43:41,2017-8-22 17:33:17,,173.251.20.37,WINDOWS,Windows 7 x64 SP: 1,1.0.6.161
SENTINEL\THECOMMONS50,SENTINEL\thecommonss,2017-8-22 14:14:18,2017-8-22 17:33:13,,173.251.20.37,WINDOWS,Windows 7 x64 SP: 1,1.0.6.161
SENTINEL\QUINNCROSSING3,SENTINEL\quinna,2017-1-12 17:57:15,2017-8-22 17:33:8,,173.251.20.37,WINDOWS,Windows 7 x64 SP: 1,1.0.6.161
SENTINEL\update1,SENTINEL\smolds,2017-1-18 21:7:24,2017-8-22 17:33:7,,173.251.20.37,WINDOWS,Server 2012 x64,1.0.6.161
SENTINEL\HIGGINSV (S-1-5-21-753412686-597961653-1159422225-21888),,2017-3-27 12:30:54,2017-8-22 17:33:5,,173.251.20.37,WINDOWS,Windows 7 x86 SP: 1,1.0.6.161
SENTINEL\DISTRALEIGH1,SENTINEL\mitchel,2017-8-22 14:14:5,2017-8-22 17:33:2,,173.251.20.37,WINDOWS,Windows 7 x64 SP: 1,1.0.6.161
SENTINEL\SILVERMAN,SENTINEL\silverman,2017-1-12 16:35:45,2017-8-22 17:33:1,127.0.0.1,173.251.20.37,WINDOWS,Windows 7 x64 SP: 1,1.0.6.161
SENTINEL\BASHUALDO,SENTINEL\bashualdo,2017-1-12 17:37:24,2017-8-22 17:32:59,,173.251.20.37,WINDOWS,Windows 7 x64 SP: 1,1.0.6.161
SENTINEL\GAEDIG1,SENTINEL\gaedig,2017-4-4 19:0:32,2017-8-22 17:32:53,127.0.0.1,173.251.20.37,WINDOWS,Windows 7 x64 SP: 1,1.0.6.161
SENTINEL\YEUNGKW7,SENTINEL\yeungk,2017-1-12 17:55:41,2017-8-22 17:32:51,,173.251.20.37,WINDOWS,Windows 7 x64 SP: 1,1.0.6.161
SENTINEL\KIRBY13,SENTINEL\Thekirbyl,2017-1-12 17:54:21,2017-8-22 17:32:50,127.0.0.1,173.251.20.37,WINDOWS,Windows 7 x64 SP: 1,1.0.6.161
SENTINEL\MONTERRA50,SENTINEL\Monterras,2017-8-22 14:13:56,2017-8-22 17:32:44,,173.251.20.37,WINDOWS,Windows 7 x64 SP: 1,1.0.6.161
SENTINEL\AVENEL2,SENTINEL\avenela,2017-1-12 17:38:6,2017-8-22 17:32:43,,173.251.20.37,WINDOWS,Windows 7 x64 SP: 1,1.0.6.161
SENTINEL\LANTERNWOODS1,SENTINEL\lantern woods m,2017-1-12 17:54:2,2017-8-22 17:32:42,10.27.0.1,173.251.20.37,WINDOWS,Windows 7 x64 SP: 1,1.0.6.161
SENTINEL\BONTERRA13,SENTINEL\bonterral2,2017-8-22 14:14:2,2017-8-22 17:32:37,,173.251.20.37,WINDOWS,Windows 7 x64 SP: 1,1.0.6.161
SENTINEL\ConnBrk2,SENTINEL\nimdals,2017-1-18 15:53:22,2017-8-22 17:32:31,,173.251.20.37,WINDOWS,Server 2008 R2 x64 SP: 1,1.0.6.161
SENTINEL\BRENTWOODOAK1,SENTINEL\brentwood m,2017-1-12 17:38:33,2017-8-22 17:32:25,,173.251.20.37,WINDOWS,Windows 7 x64 SP: 1,1.0.6.161
SENTINEL\SORMILLONV (S-1-5-21-753412686-597961653-1159422225-20107),,2017-3-23 15:51:47,2017-8-22 17:32:19,,173.251.20.37,WINDOWS,Windows 7 x86 SP: 1,1.0.6.161
SENTINEL\LANTERNWOODS2,SENTINEL\lanternwoodsa,2017-8-22 14:18:13,2017-8-22 17:32:15,,173.251.20.37,WINDOWS,Windows 7 x64 SP: 1,1.0.6.161
SENTINEL\CYPRESSWOOD13,SENTINEL\cypresswoodl,2017-8-22 14:15:22,2017-8-22 17:32:13,,173.251.20.37,WINDOWS,Windows 7 x64 SP: 1,1.0.6.161
SENTINEL\CYPRESSWOOD14,SENTINEL\cypresswoodl2,2017-8-22 14:15:23,2017-8-22 17:32:5,,173.251.20.37,WINDOWS,Windows 7 x64 SP: 1,1.0.6.161
SENTINEL\JONESM,SENTINEL\jonesm,2017-1-12 17:48:29,2017-8-22 17:32:4,,173.251.20.37,WINDOWS,Windows 7 x64 SP: 1,1.0.6.161
SENTINEL\CHARDE,SENTINEL\charde,2017-2-3 15:2:5,2017-8-22 17:32:3,127.0.0.1,173.251.20.37,WINDOWS,Windows 7 x64 SP: 1,1.0.6.161
SENTINEL\HEYWOOD,SENTINEL\heywood,2017-1-24 16:18:35,2017-8-22 17:32:3,,173.251.20.37,WINDOWS,Windows 7 x64 SP: 1,1.0.6.161
SENTINEL\BONTERRA4,SENTINEL\bonterra a,2017-1-12 17:30:9,2017-8-22 17:32:2,,173.251.20.37,WINDOWS,Windows 7 x64 SP: 1,1.0.6.161
SENTINEL\WINDWARD13,SENTINEL\windwardplacel,2017-8-22 14:13:51,2017-8-22 17:31:59,,173.251.20.37,WINDOWS,Windows 7 x64 SP: 1,1.0.6.161
SENTINEL\JOANEN,JOANEN\Administrator,2017-2-24 13:55:25,2017-8-22 17:31:58,,173.251.20.37,WINDOWS,Windows 7 x64 SP: 1,1.0.6.161
SENTINEL\CLARKV (S-1-5-21-753412686-597961653-1159422225-22729),Unassigned,2017-3-21 13:38:50,2017-8-22 17:31:56,,173.251.20.37,WINDOWS,Windows 7 x86 SP: 1,1.0.6.161
SENTINEL\EPPERSON,SENTINEL\epperson,2017-1-12 17:49:45,2017-8-22 17:31:54,127.0.0.1,173.251.20.37,WINDOWS,Windows 7 x64 SP: 1,1.0.6.161
SENTINEL\FIRSTANDMAIN3,FIRSTANDMAIN3\Administrator,2017-7-17 15:22:58,2017-8-22 17:31:50,,173.251.20.37,WINDOWS,Windows 7 x64 SP: 1,1.0.6.161
SENTINEL\CHENG,SENTINEL\cheng,2017-4-12 14:31:44,2017-8-22 17:31:50,127.0.0.1,173.251.20.37,WINDOWS,Windows 7 x64 SP: 1,1.0.6.161
SENTINEL\ARBORDUBLIN14,SENTINEL\arbors l2,2017-1-12 17:30:21,2017-8-22 17:31:49,,173.251.20.37,WINDOWS,Windows 7 x64 SP: 1,1.0.6.161
SENTINEL\AVENEL1,SENTINEL\avenel,2017-1-12 17:29:41,2017-8-22 17:31:47,,173.251.20.37,WINDOWS,Windows 7 x64 SP: 1,1.0.6.161
SENTINEL\PARKDELMAR14,SENTINEL\parkdelmarl2,2017-8-22 14:14:13,2017-8-22 17:31:39,,173.251.20.37,WINDOWS,Windows 7 x64 SP: 1,1.0.6.161
SENTINEL\GLENBROOK1,SENTINEL\glenbrook,2017-1-12 17:42:7,2017-8-22 17:31:37,127.0.0.1,173.251.20.37,WINDOWS,Windows 7 x64 SP: 1,1.0.6.161
SENTINEL\PARAGON5,SENTINEL\paragonm,2017-1-12 17:53:30,2017-8-22 17:31:35,127.0.0.1,173.251.20.37,WINDOWS,Windows 7 x64 SP: 1,1.0.6.161
SENTINEL\Cassidy,SENTINEL\cassidy,2017-1-12 17:37:25,2017-8-22 17:31:32,,173.251.20.37,WINDOWS,Windows 7 x64 SP: 1,1.0.6.161
SENTINEL\LIPOVETSKY,SENTINEL\lipovetsky,2017-4-6 15:0:32,2017-8-22 17:31:32,127.0.0.1,173.251.20.37,WINDOWS,Windows 7 x64 SP: 1,1.0.6.161
SENTINEL\tws1,SENTINEL\olds,2017-1-18 21:5:37,2017-8-22 17:31:28,,173.251.20.37,WINDOWS,Server 2008 R2 x64 SP: 1,1.0.6.161
SENTINEL\WINDWARDLP1,SENTINEL\windward m,2017-1-12 17:56:20,2017-8-22 17:31:24,,173.251.20.37,WINDOWS,Windows 7 x64 SP: 1,1.0.6.161
SENTINEL\LOFTLAKEVIEW50,SENTINEL\loftsatlakeviews,2017-8-22 14:13:46,2017-8-22 17:31:23,,173.251.20.37,WINDOWS,Windows 7 x64 SP: 1,1.0.6.161
WEINER,user,2016-12-9 20:56:32,2017-8-22 17:31:22,10.0.0.201,73.159.69.34,WINDOWS,Windows 10 x64,1.0.6.161
SENTINEL\VINEYARDS13,SENTINEL\the vineyards l,2017-1-12 17:57:1,2017-8-22 17:31:21,,173.251.20.37,WINDOWS,Windows 7 x64 SP: 1,1.0.6.161
SENTINEL\DELAYNE2,SENTINEL\delaynea,2017-1-12 17:47:42,2017-8-22 17:31:16,,173.251.20.37,WINDOWS,Windows 7 x64 SP: 1,1.0.6.161
SENTINEL\LENIART,SENTINEL\leniart,2016-12-2 14:15:32,2017-8-22 17:31:15,127.0.0.1,173.251.20.37,WINDOWS,Windows 7 x64 SP: 1,1.0.6.161
SENTINEL\ISLANDPARK1,SENTINEL\island park m,2017-1-12 17:49:56,2017-8-22 17:31:12,,173.251.20.37,WINDOWS,Windows 7 x64 SP: 1,1.0.6.161
SENTINEL\callexpressb,callxpr1,2017-1-18 15:59:15,2017-8-22 17:31:10,,173.251.20.37,WINDOWS,Server 2003 x86 SP: 2,1.0.6.161
SENTINEL\FOOTHILLS50,SENTINEL\foothillss,2017-8-22 16:11:46,2017-8-22 17:31:10,,173.251.20.37,WINDOWS,Windows 7 x64 SP: 1,1.0.6.161
SENTINEL\JACKSONPARK15,SENTINEL\jackson park l,2017-1-12 17:50:50,2017-8-22 17:31:9,,173.251.20.37,WINDOWS,Windows 7 x64 SP: 1,1.0.6.161
SENTINEL\BARTONVINE50,SENTINEL\bartonvineyards,2017-8-22 14:14:46,2017-8-22 17:31:7,,173.251.20.37,WINDOWS,Windows 7 x64 SP: 1,1.0.6.161
SENTINEL\FOXVALLEY50,SENTINEL\foxvalleys,2017-8-22 14:14:19,2017-8-22 17:31:7,,173.251.20.37,WINDOWS,Windows 7 x64 SP: 1,1.0.6.161
SENTINEL\VALENCIA13,SENTINEL\hillsofvalencial,2017-1-12 17:57:34,2017-8-22 17:31:4,,173.251.20.37,WINDOWS,Windows 7 x64 SP: 1,1.0.6.161
SENTINEL\DELAYNE13,SENTINEL\delaynel,2017-8-22 14:14:35,2017-8-22 17:30:59,,173.251.20.37,WINDOWS,Windows 7 x64 SP: 1,1.0.6.161
SENTINEL\CORDILLERA14,SENTINEL\cordilleral2,2017-8-22 14:12:24,2017-8-22 17:30:56,,173.251.20.37,WINDOWS,Windows 7 x64 SP: 1,1.0.6.161
SENTINEL\WATTERS,SENTINEL\watters,2017-1-12 17:55:17,2017-8-22 17:30:54,172.20.8.132,173.251.20.37,WINDOWS,Windows 7 x64 SP: 1,1.0.6.161
SENTINEL\DISTMEMPHIS2,SENTINEL\maness,2017-8-22 15:8:40,2017-8-22 17:30:54,,173.251.20.37,WINDOWS,Windows 7 x64 SP: 1,1.0.6.161
SENTINEL\ANTELOPERIDGE3,SENTINEL\anteloperidge a,2017-1-12 17:26:34,2017-8-22 17:30:51,127.0.0.1,173.251.20.37,WINDOWS,Windows 7 x64 SP: 1,1.0.6.161
SENTINEL\NONAPARK14,SENTINEL\nonaparkl2,2017-8-22 14:13:27,2017-8-22 17:30:50,,173.251.20.37,WINDOWS,Windows 7 x64 SP: 1,1.0.6.161
SENTINEL\NonaPark2,SENTINEL\nonaparka,2017-1-12 17:53:0,2017-8-22 17:30:50,,173.251.20.37,WINDOWS,Windows 7 x64 SP: 1,1.0.6.161
SENTINEL\DISTCOLUMBUS3,SENTINEL\Pulkowski,2017-1-12 17:42:29,2017-8-22 17:30:49,,173.251.20.37,WINDOWS,Windows 7 x64 SP: 1,1.0.6.161
SENTINEL\MALOY,SENTINEL\maloy,2017-5-12 18:52:57,2017-8-22 17:30:47,127.0.0.1,173.251.20.37,WINDOWS,Windows 7 x64 SP: 1,1.0.6.161
SENTINEL\MALONE,SENTINEL\malone,2017-1-12 17:51:51,2017-8-22 17:30:44,127.0.0.1,173.251.20.37,WINDOWS,Windows 7 x64 SP: 1,1.0.6.161
SENTINEL\ROTH2,SENTINEL\roth,2016-11-22 15:16:6,2017-8-22 17:30:44,172.20.8.84,173.251.20.37,WINDOWS,Windows 7 x64 SP: 1,1.0.6.161
SENTINEL\SCHARF,SENTINEL\scharf,2017-5-8 16:23:0,2017-8-22 17:30:42,,173.251.20.37,WINDOWS,Windows 7 x64 SP: 1,1.0.6.161
SENTINEL\VALLEYBROOK3,SENTINEL\valleybrook a,2017-1-12 17:56:3,2017-8-22 17:30:35,,173.251.20.37,WINDOWS,Windows 7 x64 SP: 1,1.0.6.161
SENTINEL\CHERRYCREEK2,SENTINEL\enclavecherrycreeka,2017-8-22 14:14:11,2017-8-22 17:30:32,,173.251.20.37,WINDOWS,Windows 7 x64 SP: 1,1.0.6.161
SENTINEL\CYPRESSWOOD50,SENTINEL\cypresswoods,2017-8-22 14:15:23,2017-8-22 17:30:32,,173.251.20.37,WINDOWS,Windows 7 x64 SP: 1,1.0.6.161
SENTINEL\ConnBrk1,SENTINEL\nimdals,2017-1-18 15:51:26,2017-8-22 17:30:31,,173.251.20.37,WINDOWS,Server 2008 R2 x64 SP: 1,1.0.6.161
SENTINEL\BATISTA,SENTINEL\batista,2017-3-28 14:11:32,2017-8-22 17:30:28,,173.251.20.37,WINDOWS,Windows 7 x64 SP: 1,1.0.6.161
SENTINEL\DISTTAMPA2,SENTINEL\leonard,2017-8-22 14:16:20,2017-8-22 17:30:24,,173.251.20.37,WINDOWS,Windows 7 x64 SP: 1,1.0.6.161
SENTINEL\THECOMMONS13,SENTINEL\the commons l,2017-1-12 17:57:18,2017-8-22 17:30:22,127.0.0.1,173.251.20.37,WINDOWS,Windows 7 x64 SP: 1,1.0.6.161
SENTINEL\OAKWELLFARM15,SENTINEL\oakwelll3,2017-8-22 14:14:21,2017-8-22 17:30:18,,173.251.20.37,WINDOWS,Windows 7 x64 SP: 1,1.0.6.161
SENTINEL\DISTTAMPA1,SENTINEL\corbett,2017-8-22 14:16:17,2017-8-22 17:30:11,,173.251.20.37,WINDOWS,Windows 7 x64 SP: 1,1.0.6.161
SENTINEL\BRENTWOODOAK2,SENTINEL\brentwooda,2017-8-22 14:13:27,2017-8-22 17:30:11,,173.251.20.37,WINDOWS,Windows 7 x64 SP: 1,1.0.6.161
SENTINEL\ASPREY2,SENTINEL\asprey a,2017-1-12 17:30:13,2017-8-22 17:30:5,,173.251.20.37,WINDOWS,Windows 7 x64 SP: 1,1.0.6.161
SENTINEL\ISLANDPARK13,SENTINEL\islandparkl2,2017-8-22 14:14:0,2017-8-22 17:29:52,,173.251.20.37,WINDOWS,Windows 7 x64 SP: 1,1.0.6.161
SENTINEL\legato,SENTINEL\hall,2017-1-18 16:32:14,2017-8-22 17:29:51,,173.251.20.37,WINDOWS,Server 2008 R2 x64 SP: 1,1.0.6.161
SENTINEL\COURTNEY13,SENTINEL\courtneystationl,2017-1-14 19:34:31,2017-8-22 17:29:51,127.0.0.1,173.251.20.37,WINDOWS,Windows 7 x64 SP: 1,1.0.6.161
SENTINEL\IT-STORAGE-RM1,IT-STORAGE-RM1\Administrator,2017-1-23 17:50:45,2017-8-22 17:29:48,172.20.8.94,173.251.20.37,WINDOWS,Windows 7 x64 SP: 1,1.0.6.161
SENTINEL\GRANDCENT13,SENTINEL\grand centennial l,2017-1-12 17:42:31,2017-8-22 17:29:42,,173.251.20.37,WINDOWS,Windows 7 x64 SP: 1,1.0.6.161
SENTINEL\CORNERSTONE15,SENTINEL\cornerstone l3,2017-1-12 17:39:25,2017-8-22 17:29:41,,173.251.20.37,WINDOWS,Windows 7 x64 SP: 1,1.0.6.161
SENTINEL\ARBORDUBLIN50,SENTINEL\arbordublins,2017-8-22 14:13:19,2017-8-22 17:29:33,,173.251.20.37,WINDOWS,Windows 7 x64 SP: 1,1.0.6.161
SENTINEL\WESCOTT14,SENTINEL\reservel2,2017-8-22 14:14:31,2017-8-22 17:29:30,,173.251.20.37,WINDOWS,Windows 7 x64 SP: 1,1.0.6.161
SENTINEL\CARRINGTON14,SENTINEL\carringtonl2,2017-1-12 17:38:43,2017-8-22 17:29:12,127.0.0.1,173.251.20.37,WINDOWS,Windows 7 x64 SP: 1,1.0.6.161
LeechSurf4,user,2017-7-21 16:22:2,2017-8-22 17:28:57,192.168.1.4,47.202.180.236,WINDOWS,Windows 10 x64,1.0.6.161
SENTINEL\TUSCANYRIDGE13,SENTINEL\tuscanyridgel,2017-8-22 14:14:1,2017-8-22 17:28:56,,173.251.20.37,WINDOWS,Windows 7 x64 SP: 1,1.0.6.161
SENTINEL\ASPREY13,SENTINEL\aspreyl$,2017-8-22 14:14:3,2017-8-22 17:28:55,,173.251.20.37,WINDOWS,Windows 7 x64 SP: 1,1.0.6.161
SENTINEL\SHUBAYEVA1,SENTINEL\shubayeva,2016-11-3 15:39:24,2017-8-22 17:28:49,127.0.0.1,173.251.20.37,WINDOWS,Windows 7 x64 SP: 1,1.0.6.161
SENTINEL\FIRSTANDMAIN14,SENTINEL\firstandmainl2,2017-1-12 17:42:8,2017-8-22 17:28:45,127.0.0.1,173.251.20.37,WINDOWS,Windows 7 x64 SP: 1,1.0.6.161
SENTINEL\OSBORNEC,SENTINEL\osbornec,2017-1-12 17:51:51,2017-8-22 17:28:44,,173.251.20.37,WINDOWS,Windows 7 x64 SP: 1,1.0.6.161
SENTINEL\RITTENHOUSE1,SENTINEL\rittenhouse m,2017-1-12 17:57:20,2017-8-22 17:28:42,,173.251.20.37,WINDOWS,Windows 7 x64 SP: 1,1.0.6.161
SENTINEL\ARCILA-OLIVARES,SENTINEL\Arcila-Olivares,2017-1-12 17:28:59,2017-8-22 17:28:41,,173.251.20.37,WINDOWS,Windows 7 x64 SP: 1,1.0.6.161
SENTINEL\SONTERRA13,SENTINEL\Sonterraatpvl2,2017-8-22 14:13:51,2017-8-22 17:28:37,,173.251.20.37,WINDOWS,Windows 7 x64 SP: 1,1.0.6.161
SENTINEL\CITYPLACEA,SENTINEL\cityplacea,2017-1-12 17:46:59,2017-8-22 17:28:34,,173.251.20.37,WINDOWS,Windows 7 x64 SP: 1,1.0.6.161
SENTINEL\ASPREY14,SENTINEL\aspreys,2017-8-22 14:14:0,2017-8-22 17:28:32,,173.251.20.37,WINDOWS,Windows 7 x64 SP: 1,1.0.6.161
SENTINEL\910PENN1,SENTINEL\910Penn,2017-1-12 17:26:20,2017-8-22 17:28:14,10.0.47.1,173.251.20.37,WINDOWS,Windows 7 x64 SP: 1,1.0.6.161
SENTINEL\COPPERFIELD14,SENTINEL\copperfield l2,2017-1-12 17:38:57,2017-8-22 17:28:13,,173.251.20.37,WINDOWS,Windows 7 x64 SP: 1,1.0.6.161
SENTINEL\FINGERHUT,SENTINEL\fingerhut,2017-4-12 19:8:27,2017-8-22 17:28:11,127.0.0.1,173.251.20.37,WINDOWS,Windows 7 x64 SP: 1,1.0.6.161
SENTINEL\DELANO13,SENTINEL\delanol,2017-8-22 14:14:3,2017-8-22 17:27:56,,173.251.20.37,WINDOWS,Windows 7 x64 SP: 1,1.0.6.161
SENTINEL\ASPREY1,SENTINEL\asprey m,2017-1-12 17:38:39,2017-8-22 17:27:56,,173.251.20.37,WINDOWS,Windows 7 x64 SP: 1,1.0.6.161
bowmanimac.sentinelcorp.com,bowmanimac.sentinelcorp.com,2017-5-17 16:15:48,2017-8-22 17:27:55,172.17.8.28,173.251.20.37,MAC,MAC OS X 10.12.5,1.2.2.11
SENTINEL\EASTCHASE3,SENTINEL\east chase a,2017-1-12 17:42:31,2017-8-22 17:27:55,,173.251.20.37,WINDOWS,Windows 7 x64 SP: 1,1.0.6.161
SENTINEL\FOXVALLEY3,SENTINEL\covey a,2017-1-12 17:42:11,2017-8-22 17:27:55,127.0.0.1,173.251.20.37,WINDOWS,Windows 7 x64 SP: 1,1.0.6.161
SENTINEL\LEONARDV (S-1-5-21-753412686-597961653-1159422225-24142),,2017-5-25 20:37:34,2017-8-22 17:27:53,,173.251.20.37,WINDOWS,Windows 7 x86 SP: 1,1.0.6.161
SENTINEL\SYDOR,SENTINEL\sydor,2017-4-17 14:22:23,2017-8-22 17:27:52,127.0.0.1,173.251.20.37,WINDOWS,Windows 7 x64 SP: 1,1.0.6.161
SENTINEL\TOWNCENTER2,SENTINEL\town center m,2017-1-12 17:56:56,2017-8-22 17:27:52,127.0.0.1,173.251.20.37,WINDOWS,Windows 7 x64 SP: 1,1.0.6.161
SENTINEL\CROSSINGS1,SENTINEL\crossings,2017-1-12 17:38:21,2017-8-22 17:27:49,,173.251.20.37,WINDOWS,Windows 7 x64 SP: 1,1.0.6.161
estrellaimac.sentinelcorp.com,admins-imac-2.sentinelcorp.com,2017-5-18 14:35:19,2017-8-22 17:27:49,172.17.8.31,173.251.20.37,MAC,MAC OS X 10.12.4,1.2.2.11
SENTINEL\ANTELOPERIDGE14,SENTINEL\anteloperidge l,2017-1-12 17:26:27,2017-8-22 17:27:47,,173.251.20.37,WINDOWS,Windows 7 x64 SP: 1,1.0.6.161
SENTINEL\ZAGREDA,SENTINEL\zagreda,2017-4-13 16:2:34,2017-8-22 17:27:43,127.0.0.1,173.251.20.37,WINDOWS,Windows 7 x64 SP: 1,1.0.6.161
grellimac.sentinelcorp.com,grellimac.sentinelcorp.com,2017-5-22 18:37:40,2017-8-22 17:27:42,172.17.8.13,173.251.20.37,MAC,MAC OS X 10.12.5,1.2.2.11
SENTINEL\FOXVALLEY1,SENTINEL\covey m,2017-1-12 17:42:7,2017-8-22 17:27:33,10.12.9.1,173.251.20.37,WINDOWS,Windows 7 x64 SP: 1,1.0.6.161
SENTINEL\REYNA,SENTINEL\reyna,2017-8-22 14:11:35,2017-8-22 17:27:32,,173.251.20.37,WINDOWS,Windows 7 x64 SP: 1,1.0.6.161
SENTINEL\LUCERNE14,SENTINEL\lucerne l2,2017-1-12 17:49:28,2017-8-22 17:27:31,,173.251.20.37,WINDOWS,Windows 7 x64 SP: 1,1.0.6.161
SENTINEL\MCGLYNN1,SENTINEL\McGlynn,2017-1-12 17:51:46,2017-8-22 17:27:30,,173.251.20.37,WINDOWS,Windows 7 x64 SP: 1,1.0.6.161
malcolmimac2017ii.sentinelcorp.com,malcolmimac2017ii.sentinelcorp.com,2017-5-8 19:14:33,2017-8-22 17:27:29,172.17.8.25,173.251.20.37,MAC,MAC OS X 10.12.5,1.2.2.11
SENTINEL\HAVEN13,SENTINEL\havenl,2017-1-12 17:49:36,2017-8-22 17:27:27,,173.251.20.37,WINDOWS,Windows 7 x64 SP: 1,1.0.6.161
changimac.sentinelcorp.com,admins-imac.sentinelcorp.com,2017-5-17 18:30:49,2017-8-22 17:27:24,172.17.8.29,173.251.20.37,MAC,MAC OS X 10.12.4,1.2.2.11
SENTINEL\WESCOTT3,SENTINEL\reserve a,2017-1-12 18:5:46,2017-8-22 17:27:23,,173.251.20.37,WINDOWS,Windows 7 x64 SP: 1,1.0.6.161
SENTINEL\VAZQUEZ,SENTINEL\vazquez,2017-8-22 14:11:35,2017-8-22 17:27:14,,173.251.20.37,WINDOWS,Windows 7 x64 SP: 1,1.0.6.161
SENTINEL\VERSANT13,SENTINEL\versantl,2017-8-22 14:14:23,2017-8-22 17:27:14,,173.251.20.37,WINDOWS,Windows 7 x64 SP: 1,1.0.6.161
SENTINEL\RIVERPLACECOMM2,SENTINEL\vinge,2017-1-12 17:56:45,2017-8-22 17:27:13,,173.251.20.37,WINDOWS,Windows 7 x64 SP: 1,1.0.6.161
SENTINEL\DCCOM2,SENTINEL\walsh,2017-1-12 17:42:14,2017-8-22 17:27:12,127.0.0.1,173.251.20.37,WINDOWS,Windows 7 x64 SP: 1,1.0.6.161
SENTINEL\CORBINGREENS50,SENTINEL\corbingreenss,2017-8-22 14:13:17,2017-8-22 17:27:3,,173.251.20.37,WINDOWS,Windows 7 x64 SP: 1,1.0.6.161
hallockimac2017.sentinelcorp.com,admins-imac.sentinelcorp.com,2017-5-18 14:27:23,2017-8-22 17:26:56,172.17.8.30,173.251.20.37,MAC,MAC OS X 10.12.5,1.2.2.11
SENTINEL\COPPERFIELD13,SENTINEL\copperfield l,2017-1-12 17:47:22,2017-8-22 17:26:55,,173.251.20.37,WINDOWS,Windows 7 x64 SP: 1,1.0.6.161
SENTINEL\SOMERS,SENTINEL\somers,2017-4-7 16:58:20,2017-8-22 17:26:48,127.0.0.1,173.251.20.37,WINDOWS,Windows 7 x64 SP: 1,1.0.6.161
SENTINEL\CITYPLACE13,SENTINEL\Cityplacel,2017-8-22 14:13:16,2017-8-22 17:26:46,,173.251.20.37,WINDOWS,Windows 7 x64 SP: 1,1.0.6.161
SENTINEL\GRANDVIEW4,SENTINEL\grandviewa,2017-1-12 17:42:5,2017-8-22 17:26:36,10.0.29.4,173.251.20.37,WINDOWS,Windows 7 x64 SP: 1,1.0.6.161
SENTINEL\DALANGIN,DALANGIN\Administrator,2017-7-27 16:35:25,2017-8-22 17:26:35,,173.251.20.37,WINDOWS,Windows 7 x64 SP: 1,1.0.6.161
SENTINEL\CROSSINGS2,SENTINEL\crossingsa,2017-1-12 17:38:21,2017-8-22 17:26:24,,173.251.20.37,WINDOWS,Windows 7 x64 SP: 1,1.0.6.161
SENTINEL\BONTERRA3,SENTINEL\bonterra,2017-1-12 17:30:10,2017-8-22 17:26:20,,173.251.20.37,WINDOWS,Windows 7 x64 SP: 1,1.0.6.161
SENTINEL\ARROWHEAD3,SENTINEL\arrowhead a,2017-1-12 17:30:57,2017-8-22 17:26:14,,173.251.20.37,WINDOWS,Windows 7 x64 SP: 1,1.0.6.161
SENTINEL\HAVEN1,SENTINEL\haven,2017-1-12 17:49:35,2017-8-22 17:26:10,,173.251.20.37,WINDOWS,Windows 7 x64 SP: 1,1.0.6.161
SENTINEL\TOWNCENTER50,SENTINEL\towncenters,2017-8-22 14:14:31,2017-8-22 17:26:7,,173.251.20.37,WINDOWS,Windows 7 x64 SP: 1,1.0.6.161
SENTINEL\DELANO3,SENTINEL\delano a,2017-1-12 17:48:59,2017-8-22 17:26:6,,173.251.20.37,WINDOWS,Windows 7 x64 SP: 1,1.0.6.161
CHAMBERS,user,2016-11-17 19:56:3,2017-8-22 17:26:5,10.83.144.30,173.251.20.37,WINDOWS,Windows 10 x64,1.0.6.161
SENTINEL\KIRBY2,SENTINEL\thekirbya,2017-1-12 17:54:3,2017-8-22 17:26:5,127.0.0.1,173.251.20.37,WINDOWS,Windows 7 x64 SP: 1,1.0.6.161
SENTINEL\CORNERSTONE3,SENTINEL\cornerstone a,2017-1-12 17:39:30,2017-8-22 17:26:2,127.0.0.1,173.251.20.37,WINDOWS,Windows 7 x64 SP: 1,1.0.6.161
SENTINEL\BARTONVINE13,SENTINEL\barton vineyard l,2017-1-12 17:30:59,2017-8-22 17:25:59,,173.251.20.37,WINDOWS,Windows 7 x64 SP: 1,1.0.6.161
SENTINEL\EGRETS14,SENTINEL\egretslandingl2,2017-8-22 14:14:5,2017-8-22 17:25:54,,173.251.20.37,WINDOWS,Windows 7 x64 SP: 1,1.0.6.161
SENTINEL\LINKSPLUMCREEK4,SENTINEL\plum creek a,2017-1-12 17:49:21,2017-8-22 17:25:51,,173.251.20.37,WINDOWS,Windows 7 x64 SP: 1,1.0.6.161
SENTINEL\STC1,SENTINEL\acadiam,2017-8-22 14:13:58,2017-8-22 17:25:49,,173.251.20.37,WINDOWS,Windows 7 x64 SP: 1,1.0.6.161
SENTINEL\DYNPOOL3 (S-1-5-21-753412686-597961653-1159422225-22701),Unassigned,2017-1-25 18:57:16,2017-8-22 17:25:49,,173.251.20.37,WINDOWS,Windows 7 x86 SP: 1,1.0.6.161
SENTINEL\MONTEMAYORV (S-1-5-21-753412686-597961653-1159422225-22739),,2017-3-21 13:9:15,2017-8-22 17:25:48,,173.251.20.37,WINDOWS,Windows 7 x86 SP: 1,1.0.6.161
SENTINEL\DYNPOOL2 (S-1-5-21-753412686-597961653-1159422225-22706),Unassigned,2017-1-25 18:55:37,2017-8-22 17:25:48,,173.251.20.37,WINDOWS,Windows 7 x86 SP: 1,1.0.6.161
SENTINEL\TESTICV (S-1-5-21-753412686-597961653-1159422225-20723),,2017-5-25 19:54:58,2017-8-22 17:25:45,,173.251.20.37,WINDOWS,Windows 7 x86 SP: 1,1.0.6.161
SENTINEL\DYNPOOL16 (S-1-5-21-753412686-597961653-1159422225-22691),Unassigned,2017-1-25 18:41:55,2017-8-22 17:25:44,,173.251.20.37,WINDOWS,Windows 7 x86 SP: 1,1.0.6.161
SENTINEL\VINEYARDS3,SENTINEL\the vineyards a,2017-1-12 17:57:10,2017-8-22 17:25:43,,173.251.20.37,WINDOWS,Windows 7 x64 SP: 1,1.0.6.161
SENTINEL\DYNPOOL8 (S-1-5-21-753412686-597961653-1159422225-22700),,2017-1-25 18:59:31,2017-8-22 17:25:41,,173.251.20.37,WINDOWS,Windows 7 x86 SP: 1,1.0.6.161
SENTINEL\ITTEMPV (S-1-5-21-753412686-597961653-1159422225-22593),Unassigned,2017-4-19 14:33:49,2017-8-22 17:25:39,,173.251.20.37,WINDOWS,Windows 7 x86 SP: 1,1.0.6.161
SENTINEL\DYNPOOL1 (S-1-5-21-753412686-597961653-1159422225-22695),Unassigned,2017-1-25 18:43:11,2017-8-22 17:25:35,,173.251.20.37,WINDOWS,Windows 7 x86 SP: 1,1.0.6.161
SENTINEL\DYNPOOL6 (S-1-5-21-753412686-597961653-1159422225-22704),Unassigned,2017-1-25 18:56:27,2017-8-22 17:25:34,172.18.5.164,173.251.20.37,WINDOWS,Windows 7 x86 SP: 1,1.0.6.161
SENTINEL\LANTERNWOODS15,SENTINEL\lanternwoodsl3,2017-8-22 14:18:14,2017-8-22 17:25:33,,173.251.20.37,WINDOWS,Windows 7 x64 SP: 1,1.0.6.161
SENTINEL\DYNPOOL13 (S-1-5-21-753412686-597961653-1159422225-22697),,2017-1-25 18:43:33,2017-8-22 17:25:33,,173.251.20.37,WINDOWS,Windows 7 x86 SP: 1,1.0.6.161
SENTINEL\ENCLAVEMEN2,SENTINEL\enclaveatmenifee m,2017-1-12 17:42:49,2017-8-22 17:25:32,127.0.0.1,173.251.20.37,WINDOWS,Windows 7 x64 SP: 1,1.0.6.161
SENTINEL\AGIMUDIE,SENTINEL\agimudie,2017-3-27 14:28:54,2017-8-22 17:25:31,,173.251.20.37,WINDOWS,Windows 7 x64 SP: 1,1.0.6.161
SENTINEL\DYNPOOL19 (S-1-5-21-753412686-597961653-1159422225-22709),,2017-1-25 18:54:10,2017-8-22 17:25:29,,173.251.20.37,WINDOWS,Windows 7 x86 SP: 1,1.0.6.161
SENTINEL\DAVISMARCHV (S-1-5-21-753412686-597961653-1159422225-22734),,2017-3-20 20:30:11,2017-8-22 17:25:28,,173.251.20.37,WINDOWS,Windows 7 x86 SP: 1,1.0.6.161
SENTINEL\AVENEL14,SENTINEL\Avenell2,2017-8-22 14:12:4,2017-8-22 17:25:27,,173.251.20.37,WINDOWS,Windows 7 x64 SP: 1,1.0.6.161
SENTINEL\BRINDLEYV (S-1-5-21-753412686-597961653-1159422225-24143),,2017-4-20 20:3:23,2017-8-22 17:25:24,,173.251.20.37,WINDOWS,Windows 7 x86 SP: 1,1.0.6.161
SENTINEL\DYNPOOL11 (S-1-5-21-753412686-597961653-1159422225-22693),Unassigned,2017-1-25 18:41:54,2017-8-22 17:25:24,,173.251.20.37,WINDOWS,Windows 7 x86 SP: 1,1.0.6.161
SENTINEL\DYNPOOL20 (S-1-5-21-753412686-597961653-1159422225-22710),,2017-1-25 18:55:37,2017-8-22 17:25:24,,173.251.20.37,WINDOWS,Windows 7 x86 SP: 1,1.0.6.161
SENTINEL\WANGV (S-1-5-21-753412686-597961653-1159422225-24129),Unassigned,2017-5-25 20:27:18,2017-8-22 17:25:24,,173.251.20.37,WINDOWS,Windows 7 x86 SP: 1,1.0.6.161
SENTINEL\YURCICHV (S-1-5-21-753412686-597961653-1159422225-22726),Unassigned,2017-3-20 18:36:25,2017-8-22 17:25:20,172.18.6.4,173.251.20.37,WINDOWS,Windows 7 x86 SP: 1,1.0.6.161
SENTINEL\RIVERPOINTE2,SENTINEL\river pointe a,2017-1-12 17:56:51,2017-8-22 17:25:19,10.0.20.2,173.251.20.37,WINDOWS,Windows 7 x64 SP: 1,1.0.6.161
SENTINEL\DYNPOOL17 (S-1-5-21-753412686-597961653-1159422225-22708),,2017-1-25 18:43:53,2017-8-22 17:25:18,,173.251.20.37,WINDOWS,Windows 7 x86 SP: 1,1.0.6.161
SENTINEL\WINDWARD14,SENTINEL\mitchel,2017-8-22 14:13:55,2017-8-22 17:25:16,,173.251.20.37,WINDOWS,Windows 7 x64 SP: 1,1.0.6.161
SENTINEL\JONESV (S-1-5-21-753412686-597961653-1159422225-22735),Unassigned,2017-3-21 14:37:31,2017-8-22 17:25:12,,173.251.20.37,WINDOWS,Windows 7 x86 SP: 1,1.0.6.161
SENTINEL\DYNPOOL7 (S-1-5-21-753412686-597961653-1159422225-22696),Unassigned,2017-1-25 18:55:36,2017-8-22 17:25:12,,173.251.20.37,WINDOWS,Windows 7 x86 SP: 1,1.0.6.161
SENTINEL\MALESZEWSKIV (S-1-5-21-753412686-597961653-1159422225-21851),,2017-4-27 15:12:36,2017-8-22 17:25:12,,173.251.20.37,WINDOWS,Windows 7 x86 SP: 1,1.0.6.161
SENTINEL\SITTERLEYV (S-1-5-21-753412686-597961653-1159422225-22738),Unassigned,2017-3-29 12:17:27,2017-8-22 17:25:11,,173.251.20.37,WINDOWS,Windows 7 x86 SP: 1,1.0.6.161
SENTINEL\DYNPOOL10 (S-1-5-21-753412686-597961653-1159422225-22699),,2017-1-25 18:43:11,2017-8-22 17:25:10,,173.251.20.37,WINDOWS,Windows 7 x86 SP: 1,1.0.6.161
SENTINEL\DYNPOOL15 (S-1-5-21-753412686-597961653-1159422225-22692),,2017-1-25 18:43:12,2017-8-22 17:25:10,,173.251.20.37,WINDOWS,Windows 7 x86 SP: 1,1.0.6.161
SENTINEL\DYNPOOL14 (S-1-5-21-753412686-597961653-1159422225-22705),,2017-1-25 18:43:35,2017-8-22 17:25:10,,173.251.20.37,WINDOWS,Windows 7 x86 SP: 1,1.0.6.161
SENTINEL\DYNPOOL4 (S-1-5-21-753412686-597961653-1159422225-22702),Unassigned,2017-1-25 18:56:28,2017-8-22 17:25:8,,173.251.20.37,WINDOWS,Windows 7 x86 SP: 1,1.0.6.161
SENTINEL\MORRONEVM,SENTINEL\sormillon,2017-8-11 13:35:37,2017-8-22 17:25:7,,173.251.20.37,WINDOWS,Windows 7 x64 SP: 1,1.0.6.161
SENTINEL\CORREIA,SENTINEL\correia,2017-1-3 21:0:41,2017-8-22 17:25:5,,173.251.20.37,WINDOWS,Windows 7 x64 SP: 1,1.0.6.161
SENTINEL\LANTERNWOODS14,SENTINEL\lanternwoodsl2,2017-8-22 14:18:14,2017-8-22 17:25:2,,173.251.20.37,WINDOWS,Windows 7 x64 SP: 1,1.0.6.161
SENTINEL\CORNERSTONE13,SENTINEL\Cornerstone l,2017-1-12 17:39:32,2017-8-22 17:25:2,,173.251.20.37,WINDOWS,Windows 7 x64 SP: 1,1.0.6.161
SENTINEL\DYNPOOL12 (S-1-5-21-753412686-597961653-1159422225-22694),Unassigned,2017-1-25 18:43:55,2017-8-22 17:25:1,,173.251.20.37,WINDOWS,Windows 7 x86 SP: 1,1.0.6.161
SENTINEL\23HUNDRED13,SENTINEL\23Hundred l,2017-1-12 16:40:7,2017-8-22 17:25:1,,173.251.20.37,WINDOWS,Windows 7 x64 SP: 1,1.0.6.161
SENTINEL\MITCHELV (S-1-5-21-753412686-597961653-1159422225-22722),SENTINEL\mitchel,2017-3-21 15:1:44,2017-8-22 17:25:0,,173.251.20.37,WINDOWS,Windows 7 x86 SP: 1,1.0.6.161
SENTINEL\OLDSV (S-1-5-21-753412686-597961653-1159422225-19662),Unassigned,2016-11-2 18:3:22,2017-8-22 17:25:0,,173.251.20.37,WINDOWS,Windows 7 x86 SP: 1,1.0.6.161
SENTINEL\DYNPOOL5 (S-1-5-21-753412686-597961653-1159422225-22703),Unassigned,2017-1-25 18:54:11,2017-8-22 17:24:59,,173.251.20.37,WINDOWS,Windows 7 x86 SP: 1,1.0.6.161
SENTINEL\JAMIESONV (S-1-5-21-753412686-597961653-1159422225-22737),,2017-3-21 13:21:54,2017-8-22 17:24:58,,173.251.20.37,WINDOWS,Windows 7 x86 SP: 1,1.0.6.161
SENTINEL\ALLENPV (S-1-5-21-753412686-597961653-1159422225-22725),,2017-3-24 17:19:31,2017-8-22 17:24:55,,173.251.20.37,WINDOWS,Windows 7 x86 SP: 1,1.0.6.161
SENTINEL\VOYAGERTEST,SENTINEL\gaedig,2017-1-12 17:55:20,2017-8-22 17:24:54,,173.251.20.37,WINDOWS,Windows 7 x64 SP: 1,1.0.6.161
SENTINEL\REAGANV (S-1-5-21-753412686-597961653-1159422225-22723),,2017-3-20 19:49:32,2017-8-22 17:24:53,,173.251.20.37,WINDOWS,Windows 7 x86 SP: 1,1.0.6.161
SENTINEL\DALANGINV (S-1-5-21-753412686-597961653-1159422225-23761),Unassigned,2017-3-21 13:54:28,2017-8-22 17:24:53,,173.251.20.37,WINDOWS,Windows 7 x86 SP: 1,1.0.6.161
SENTINEL\GARDPOLARIS14,SENTINEL\gardensl2,2017-8-22 14:13:37,2017-8-22 17:24:51,,173.251.20.37,WINDOWS,Windows 7 x64 SP: 1,1.0.6.161
SENTINEL\DYNPOOL18 (S-1-5-21-753412686-597961653-1159422225-22707),,2017-1-25 18:43:32,2017-8-22 17:24:51,,173.251.20.37,WINDOWS,Windows 7 x86 SP: 1,1.0.6.161
SENTINEL\BARTONVINE14,SENTINEL\barton vineyard l2,2017-1-12 17:30:57,2017-8-22 17:24:30,,173.251.20.37,WINDOWS,Windows 7 x64 SP: 1,1.0.6.161
SENTINEL\fms2,smolds,2017-1-18 16:13:12,2017-8-22 17:24:28,172.16.0.25,173.251.20.37,WINDOWS,Server 2003 x86 SP: 2,1.0.6.161
SENTINEL\VERSANT50,SENTINEL\versants,2017-8-22 14:14:33,2017-8-22 17:24:19,,173.251.20.37,WINDOWS,Windows 7 x64 SP: 1,1.0.6.161
SENTINEL\MCCONNELL,SENTINEL\mcconnell,2017-1-12 17:51:49,2017-8-22 17:24:18,,173.251.20.37,WINDOWS,Windows 7 x64 SP: 1,1.0.6.161
SENTINEL\COPPERFIELD1,SENTINEL\copperfield m,2017-1-12 17:38:58,2017-8-22 17:24:18,,173.251.20.37,WINDOWS,Windows 7 x64 SP: 1,1.0.6.161
SENTINEL\MakarovaW7,SENTINEL\makarova,2017-1-12 17:51:44,2017-8-22 17:24:16,,173.251.20.37,WINDOWS,Windows 7 x64 SP: 1,1.0.6.161
SENTINEL\LACOSTA3,SENTINEL\lacosta a,2017-1-12 17:50:24,2017-8-22 17:24:13,,173.251.20.37,WINDOWS,Windows 7 x64 SP: 1,1.0.6.161
SENTINEL\AVANT1,SENTINEL\avant,2017-1-12 17:30:0,2017-8-22 17:24:4,,173.251.20.37,WINDOWS,Windows 7 x64 SP: 1,1.0.6.161
SENTINEL\HAVEN2,SENTINEL\havena,2017-1-12 17:49:35,2017-8-22 17:24:4,,173.251.20.37,WINDOWS,Windows 7 x64 SP: 1,1.0.6.161
SENTINEL\WILDWOODFOREST1,SENTINEL\wildwood forest m,2017-1-12 17:57:14,2017-8-22 17:24:0,,173.251.20.37,WINDOWS,Windows 7 x64 SP: 1,1.0.6.161
SENTINEL\SHADELAND1,SENTINEL\fields,2017-1-12 17:56:26,2017-8-22 17:23:57,,173.251.20.37,WINDOWS,Windows 7 x64 SP: 1,1.0.6.161
SENTINEL\WINDWARD50,SENTINEL\windwardplaces,2017-8-22 14:13:51,2017-8-22 17:23:54,,173.251.20.37,WINDOWS,Windows 7 x64 SP: 1,1.0.6.161
SENTINEL\LANTERNWOODS13,SENTINEL\lanternwoodsl3,2017-8-22 14:18:9,2017-8-22 17:23:53,,173.251.20.37,WINDOWS,Windows 7 x64 SP: 1,1.0.6.161
SENTINEL\ENVLAVEMEN13,SENTINEL\enclaveatmenifee l,2017-1-12 17:42:45,2017-8-22 17:23:49,,173.251.20.37,WINDOWS,Windows 7 x64 SP: 1,1.0.6.161
SENTINEL\CORNERSTONE14,SENTINEL\cornerstone l2,2017-1-12 17:39:31,2017-8-22 17:23:45,,173.251.20.37,WINDOWS,Windows 7 x64 SP: 1,1.0.6.161
SENTINEL\KESSNER,SENTINEL\kessner,2016-11-8 21:39:2,2017-8-22 17:23:42,127.0.0.1,173.251.20.37,WINDOWS,Windows 7 x64 SP: 1,1.0.6.161
SENTINEL\ESTEVEZ,SENTINEL\estevez,2017-1-12 17:41:13,2017-8-22 17:23:40,127.0.0.1,173.251.20.37,WINDOWS,Windows 7 x64 SP: 1,1.0.6.161
SENTINEL\GALARZA-PC,SENTINEL\galarza,2017-1-12 17:41:10,2017-8-22 17:23:37,,173.251.20.37,WINDOWS,Windows 7 x64 SP: 1,1.0.6.161
SENTINEL\SANTORA,SENTINEL\santora,2017-5-4 17:53:50,2017-8-22 17:23:35,127.0.0.1,173.251.20.37,WINDOWS,Windows 7 x64 SP: 1,1.0.6.161
SENTINEL\SANTORA,SENTINEL\santora,2017-5-4 17:53:50,2017-8-22 17:23:35,127.0.0.1,173.251.20.37,WINDOWS,Windows 7 x64 SP: 1,1.0.6.161
SENTINEL\FRANCIS,SENTINEL\francis,2017-2-9 19:27:5,2017-8-22 17:23:35,127.0.0.1,173.251.20.37,WINDOWS,Windows 7 x64 SP: 1,1.0.6.161
SENTINEL\AWAD1,SENTINEL\awad,2017-7-19 18:22:11,2017-8-22 17:23:34,,173.251.20.37,WINDOWS,Windows 7 x64 SP: 1,1.0.6.161
SENTINEL\LUO,SENTINEL\luo,2017-3-9 14:10:8,2017-8-22 17:23:31,127.0.0.1,173.251.20.37,WINDOWS,Windows 7 x64 SP: 1,1.0.6.161
SENTINEL\CROSSINGS14,SENTINEL\Crossingsl,2017-1-12 17:38:21,2017-8-22 17:23:27,,173.251.20.37,WINDOWS,Windows 7 x64 SP: 1,1.0.6.161
SENTINEL\BARTLETT,SENTINEL\bartlett,2017-4-3 13:22:10,2017-8-22 17:23:24,,173.251.20.37,WINDOWS,Windows 7 x64 SP: 1,1.0.6.161
SENTINEL\GRELL1,SENTINEL\fagan,2017-5-2 16:5:37,2017-8-22 17:23:21,,173.251.20.37,WINDOWS,Windows 7 x64 SP: 1,1.0.6.161
SENTINEL\JADOONANAN,SENTINEL\jadoonanan,2017-3-3 16:28:28,2017-8-22 17:23:19,127.0.0.1,173.251.20.37,WINDOWS,Windows 7 x64 SP: 1,1.0.6.161
SENTINEL\KO1,SENTINEL\ko,2017-1-12 17:48:32,2017-8-22 17:23:17,,173.251.20.37,WINDOWS,Windows 7 x64 SP: 1,1.0.6.161
SENTINEL\STENGER1,SENTINEL\stenger,2017-7-17 14:5:48,2017-8-22 17:23:17,,173.251.20.37,WINDOWS,Windows 7 x64 SP: 1,1.0.6.161
SENTINEL\JOHNSW7,SENTINEL\johns,2017-1-13 14:17:13,2017-8-22 17:23:16,127.0.0.1,173.251.20.37,WINDOWS,Windows 7 x64 SP: 1,1.0.6.161
SENTINEL\SIEBER1,SENTINEL\sieber,2017-1-12 17:55:16,2017-8-22 17:23:16,,173.251.20.37,WINDOWS,Windows 7 x64 SP: 1,1.0.6.161
SENTINEL\KHASIN,SENTINEL\luna,2017-1-12 17:48:28,2017-8-22 17:23:13,127.0.0.1,173.251.20.37,WINDOWS,Windows 7 x64 SP: 1,1.0.6.161
SENTINEL\KENNY,SENTINEL\kenny,2017-1-12 17:48:32,2017-8-22 17:23:11,,173.251.20.37,WINDOWS,Windows 7 x64 SP: 1,1.0.6.161
SENTINEL\ZDROK,SENTINEL\zdrok,2017-5-15 16:47:37,2017-8-22 17:23:11,,173.251.20.37,WINDOWS,Windows 7 x64 SP: 1,1.0.6.161
SENTINEL\KATZ,SENTINEL\pardo,2016-11-15 15:47:50,2017-8-22 17:23:10,127.0.0.1,173.251.20.37,WINDOWS,Windows 7 x64 SP: 1,1.0.6.161
SENTINEL\SMORODA,SENTINEL\Smoroda,2017-1-12 17:55:16,2017-8-22 17:23:10,,173.251.20.37,WINDOWS,Windows 7 x64 SP: 1,1.0.6.161
SENTINEL\MONTERRA13,SENTINEL\monterral,2017-1-12 17:54:8,2017-8-22 17:23:9,,173.251.20.37,WINDOWS,Windows 7 x64 SP: 1,1.0.6.161
SENTINEL\APTEMP1,SENTINEL\aptemp,2017-4-26 13:20:4,2017-8-22 17:23:6,127.0.0.1,173.251.20.37,WINDOWS,Windows 7 x64 SP: 1,1.0.6.161
SENTINEL\SULLIVAN,SENTINEL\Sullivan,2016-12-28 19:59:7,2017-8-22 17:23:4,127.0.0.1,173.251.20.37,WINDOWS,Windows 7 x64 SP: 1,1.0.6.161
SENTINEL\ALLY,SENTINEL\ally,2017-2-7 19:42:34,2017-8-22 17:23:4,127.0.0.1,173.251.20.37,WINDOWS,Windows 7 x64 SP: 1,1.0.6.161
SENTINEL\ZOELLER,SENTINEL\zoeller,2017-1-5 14:59:27,2017-8-22 17:23:4,127.0.0.1,173.251.20.37,WINDOWS,Windows 7 x64 SP: 1,1.0.6.161
SENTINEL\PAYROLL1,SENTINEL\payroll,2017-1-12 17:51:44,2017-8-22 17:23:4,,173.251.20.37,WINDOWS,Windows 7 x64 SP: 1,1.0.6.161
SENTINEL\COSTELLO,SENTINEL\sabour,2017-1-12 17:55:25,2017-8-22 17:23:3,,173.251.20.37,WINDOWS,Windows 7 x64 SP: 1,1.0.6.161
SENTINEL\QUINNCROSSING1,SENTINEL\quinn,2017-1-12 17:57:14,2017-8-22 17:23:2,,173.251.20.37,WINDOWS,Windows 7 x64 SP: 1,1.0.6.161
SENTINEL\WESTON50,SENTINEL\westonpoints,2017-8-22 14:14:31,2017-8-22 17:23:2,,173.251.20.37,WINDOWS,Windows 7 x64 SP: 1,1.0.6.161
SENTINEL\PONGO,SENTINEL\pongo,2017-4-20 18:49:18,2017-8-22 17:23:0,127.0.0.1,173.251.20.37,WINDOWS,Windows 7 x64 SP: 1,1.0.6.161
SENTINEL\SHERZER,SENTINEL\sherzer,2017-5-10 19:15:16,2017-8-22 17:22:56,,173.251.20.37,WINDOWS,Windows 7 x64 SP: 1,1.0.6.161
SENTINEL\CAWLEYM,SENTINEL\cawleym,2017-1-12 17:37:29,2017-8-22 17:22:56,127.0.0.1,173.251.20.37,WINDOWS,Windows 7 x64 SP: 1,1.0.6.161
SENTINEL\AUSTINR,SENTINEL\austinr,2016-12-9 14:11:52,2017-8-22 17:22:55,127.0.0.1,173.251.20.37,WINDOWS,Windows 7 x64 SP: 1,1.0.6.161
SENTINEL\CHERRYCREEK14,SENTINEL\enclavecherrycreekl,2017-8-22 14:14:6,2017-8-22 17:22:53,,173.251.20.37,WINDOWS,Windows 7 x64 SP: 1,1.0.6.161
SENTINEL\APTEMP4,SENTINEL\horenstein,2017-8-22 14:11:37,2017-8-22 17:22:53,,173.251.20.37,WINDOWS,Windows 7 x64 SP: 1,1.0.6.161
SENTINEL\Maleszewski,MALESZEWSKI\Administrator,2017-7-20 12:31:34,2017-8-22 17:22:49,,173.251.20.37,WINDOWS,Windows 7 x64 SP: 1,1.0.6.161
SENTINEL\PEREZ,SENTINEL\perez,2017-1-12 17:51:51,2017-8-22 17:22:49,,173.251.20.37,WINDOWS,Windows 7 x64 SP: 1,1.0.6.161
SENTINEL\FORTUNE,SENTINEL\fortune,2017-1-12 17:41:8,2017-8-22 17:22:44,172.20.8.116,173.251.20.37,WINDOWS,Windows 7 x64 SP: 1,1.0.6.161
SENTINEL\ADAMS,SENTINEL\adams,2017-4-24 19:15:17,2017-8-22 17:22:43,,173.251.20.37,WINDOWS,Windows 7 x64 SP: 1,1.0.6.161
SENTINEL\RECEPTIONIST,SENTINEL\receptionist,2017-5-2 18:10:7,2017-8-22 17:22:42,127.0.0.1,173.251.20.37,WINDOWS,Windows 7 x64 SP: 1,1.0.6.161
SENTINEL\BELLEHARBOUR13,SENTINEL\belleharbourl,2017-8-22 14:13:56,2017-8-22 17:22:39,,173.251.20.37,WINDOWS,Windows 7 x64 SP: 1,1.0.6.161
SENTINEL\CITYPLACE14,SENTINEL\CITYPLACEL2,2017-8-22 14:13:8,2017-8-22 17:22:37,,173.251.20.37,WINDOWS,Windows 7 x64 SP: 1,1.0.6.161
SENTINEL\BES12Svr1,SENTINEL\smolds,2017-1-19 21:9:6,2017-8-22 17:22:34,,173.251.20.37,WINDOWS,Server 2008 R2 x64 SP: 1,1.0.6.161
SENTINEL\VALENCIA1,SENTINEL\hillsofvalencia,2017-1-12 17:57:39,2017-8-22 17:22:30,127.0.0.1,173.251.20.37,WINDOWS,Windows 7 x64 SP: 1,1.0.6.161
SENTINEL\HAVEN14,SENTINEL\havenl2,2017-1-12 17:49:36,2017-8-22 17:22:26,127.0.0.1,173.251.20.37,WINDOWS,Windows 7 x64 SP: 1,1.0.6.161
SENTINEL\Denali1,DENALI1\Administrator,2017-1-18 15:57:27,2017-8-22 17:22:24,,173.251.20.37,WINDOWS,Server 2008 R2 x64 SP: 1,1.0.6.161
SENTINEL\DISTINDIAN1,SENTINEL\York,2017-8-22 14:14:40,2017-8-22 17:22:3,,173.251.20.37,WINDOWS,Windows 7 x64 SP: 1,1.0.6.161
SENTINEL\CENTERPOINTE1,SENTINEL\centrepointe,2017-8-22 14:12:38,2017-8-22 17:22:2,,173.251.20.37,WINDOWS,Windows 7 x64 SP: 1,1.0.6.161
SENTINEL\EGRETS50,SENTINEL\egretslandings,2017-8-22 14:14:0,2017-8-22 17:21:52,,173.251.20.37,WINDOWS,Windows 7 x64 SP: 1,1.0.6.161
SENTINEL\LITTLESTONE3,SENTINEL\littlestone a,2017-1-12 17:49:22,2017-8-22 17:21:33,,173.251.20.37,WINDOWS,Windows 7 x64 SP: 1,1.0.6.161
SENTINEL\ARBORHILLS1,SENTINEL\arbor hills m,2017-1-13 15:17:37,2017-8-22 17:21:30,,173.251.20.37,WINDOWS,Windows 7 x64 SP: 1,1.0.6.161
SENTINEL\HAMPGREEN50,SENTINEL\doe,2017-8-22 14:13:8,2017-8-22 17:21:17,,173.251.20.37,WINDOWS,Windows 7 x64 SP: 1,1.0.6.161
SENTINEL\910PENN2,SENTINEL\910penna,2017-1-12 17:26:20,2017-8-22 17:21:10,127.0.0.1,173.251.20.37,WINDOWS,Windows 7 x64 SP: 1,1.0.6.161
SENTINEL\ARROWHEAD15,SENTINEL\arrowheadl2,2017-8-22 14:14:15,2017-8-22 17:21:5,,173.251.20.37,WINDOWS,Windows 7 x64 SP: 1,1.0.6.161
SENTINEL\OAKWELLFARM50,SENTINEL\oakwells,2017-8-22 14:14:18,2017-8-22 17:21:1,,173.251.20.37,WINDOWS,Windows 7 x64 SP: 1,1.0.6.161
SENTINEL\ADDISONPARK14,SENTINEL\addisonparkl2,2017-8-22 14:12:57,2017-8-22 17:21:1,,173.251.20.37,WINDOWS,Windows 7 x64 SP: 1,1.0.6.161
DESKTOP-SVDUOMA,user,2017-7-17 13:35:45,2017-8-22 17:20:59,192.168.1.8,98.116.42.114,WINDOWS,Windows 10 x64,1.0.6.161
SENTINEL\ADDISONPARK13,SENTINEL\addisonparkl,2017-8-22 14:13:0,2017-8-22 17:20:59,,173.251.20.37,WINDOWS,Windows 7 x64 SP: 1,1.0.6.161
SENTINEL\RIVERPOINTE50,SENTINEL\riverpointes,2017-8-22 14:13:18,2017-8-22 17:20:57,,173.251.20.37,WINDOWS,Windows 7 x64 SP: 1,1.0.6.161
SENTINEL\LANTERNWOODS50,SENTINEL\lanternwoodss,2017-8-22 14:18:14,2017-8-22 17:20:57,,173.251.20.37,WINDOWS,Windows 7 x64 SP: 1,1.0.6.161
SENTINEL\LOFTSLAKEVIEW2,SENTINEL\lofts at lakeview a,2017-1-12 17:53:32,2017-8-22 17:20:53,,173.251.20.37,WINDOWS,Windows 7 x64 SP: 1,1.0.6.161
SENTINEL\OAKS14,SENTINEL\oaksl2,2017-8-22 14:12:58,2017-8-22 17:20:52,,173.251.20.37,WINDOWS,Windows 7 x64 SP: 1,1.0.6.161
SENTINEL\ACADIA14,SENTINEL\acadial,2017-1-12 17:26:0,2017-8-22 17:20:51,,173.251.20.37,WINDOWS,Windows 7 x64 SP: 1,1.0.6.161
SENTINEL\EASTCHASE14,SENTINEL\eastchasel2,2017-8-22 14:13:58,2017-8-22 17:20:50,,173.251.20.37,WINDOWS,Windows 7 x64 SP: 1,1.0.6.161
SENTINEL\ISLANDPARK50,SENTINEL\islandparks,2017-8-22 14:13:58,2017-8-22 17:20:50,,173.251.20.37,WINDOWS,Windows 7 x64 SP: 1,1.0.6.161
SENTINEL\ARBORHILLS50,SENTINEL\arborhillss,2017-8-22 14:14:7,2017-8-22 17:20:49,,173.251.20.37,WINDOWS,Windows 7 x64 SP: 1,1.0.6.161
SENTINEL\KINGSCREST50,SENTINEL\kingscrests,2017-8-22 14:13:30,2017-8-22 17:20:48,,173.251.20.37,WINDOWS,Windows 7 x64 SP: 1,1.0.6.161
SENTINEL\KIESOW,SENTINEL\grell,2017-3-9 16:51:4,2017-8-22 17:20:48,127.0.0.1,173.251.20.37,WINDOWS,Windows 7 x64 SP: 1,1.0.6.161
SENTINEL\FOXVALLEY13,SENTINEL\coveyl,2017-8-22 14:14:18,2017-8-22 17:20:47,,173.251.20.37,WINDOWS,Windows 7 x64 SP: 1,1.0.6.161
SENTINEL\CENTREPOINTE14,SENTINEL\centrepointel,2017-8-22 14:12:39,2017-8-22 17:20:46,,173.251.20.37,WINDOWS,Windows 7 x64 SP: 1,1.0.6.161
SENTINEL\CITYPLACE50,SENTINEL\CityplaceS,2017-8-22 14:13:36,2017-8-22 17:20:44,,173.251.20.37,WINDOWS,Windows 7 x64 SP: 1,1.0.6.161
SENTINEL\MTNSHADOW50,SENTINEL\Mountainshadowscas,2017-8-22 14:15:0,2017-8-22 17:20:43,,173.251.20.37,WINDOWS,Windows 7 x64 SP: 1,1.0.6.161
SENTINEL\LITTLESTONE50,SENTINEL\littlestones,2017-8-22 14:13:58,2017-8-22 17:20:40,,173.251.20.37,WINDOWS,Windows 7 x64 SP: 1,1.0.6.161
SENTINEL\BREMERTOWER1,SENTINEL\lund,2017-8-22 14:14:36,2017-8-22 17:20:40,,173.251.20.37,WINDOWS,Windows 7 x64 SP: 1,1.0.6.161
SENTINEL\RIVERPOINTE14,SENTINEL\riverpointel3,2017-8-22 14:13:12,2017-8-22 17:20:38,,173.251.20.37,WINDOWS,Windows 7 x64 SP: 1,1.0.6.161
SENTINEL\LITTLESTONE13,SENTINEL\littlestonel,2017-8-22 14:13:53,2017-8-22 17:20:37,,173.251.20.37,WINDOWS,Windows 7 x64 SP: 1,1.0.6.161
SENTINEL\ASHTONPARC50,SENTINEL\ashtonparcs,2017-8-22 14:14:40,2017-8-22 17:20:37,,173.251.20.37,WINDOWS,Windows 7 x64 SP: 1,1.0.6.161
SENTINEL\BRENTWOOD50,SENTINEL\brentwoods,2017-8-22 14:13:27,2017-8-22 17:20:35,,173.251.20.37,WINDOWS,Windows 7 x64 SP: 1,1.0.6.161
SENTINEL\JACKSONPARK50,SENTINEL\jacksonparks,2017-8-22 14:14:54,2017-8-22 17:20:33,,173.251.20.37,WINDOWS,Windows 7 x64 SP: 1,1.0.6.161
SENTINEL\WINDWARDLP14,SENTINEL\Windwardl2,2017-8-22 14:12:43,2017-8-22 17:20:33,,173.251.20.37,WINDOWS,Windows 7 x64 SP: 1,1.0.6.161
SENTINEL\AERIALCENTER4,SENTINEL\kislowski,2017-1-12 17:26:6,2017-8-22 17:20:30,127.0.0.1,173.251.20.37,WINDOWS,Windows 7 x64 SP: 1,1.0.6.161
SENTINEL\BRENTWOOD14,SENTINEL\brentwoodl2,2017-8-22 14:13:28,2017-8-22 17:20:30,,173.251.20.37,WINDOWS,Windows 7 x64 SP: 1,1.0.6.161
SENTINEL\KINGSCREST13,SENTINEL\kingscrestL,2017-8-22 14:13:23,2017-8-22 17:20:29,,173.251.20.37,WINDOWS,Windows 7 x64 SP: 1,1.0.6.161
SENTINEL\DELANO50,SENTINEL\delanos,2017-8-22 14:14:1,2017-8-22 17:20:28,,173.251.20.37,WINDOWS,Windows 7 x64 SP: 1,1.0.6.161
SENTINEL\TUSCANYRIDGE50,SENTINEL\tuscanyridges,2017-8-22 14:13:31,2017-8-22 17:20:28,,173.251.20.37,WINDOWS,Windows 7 x64 SP: 1,1.0.6.161
SENTINEL\CHESWYCK50,SENTINEL\Cheswycks,2017-8-22 14:13:39,2017-8-22 17:20:25,,173.251.20.37,WINDOWS,Windows 7 x64 SP: 1,1.0.6.161
SENTINEL\TUSCANYRIDGE14,SENTINEL\tuscanyridgel2,2017-8-22 14:14:7,2017-8-22 17:20:24,,173.251.20.37,WINDOWS,Windows 7 x64 SP: 1,1.0.6.161
SENTINEL\SONTERRA15,SENTINEL\sonterraatpvl,2017-8-22 14:13:47,2017-8-22 17:20:23,,173.251.20.37,WINDOWS,Windows 7 x64 SP: 1,1.0.6.161
SENTINEL\ENCLAVEMEN50,SENTINEL\enclaveatmenifees,2017-8-22 14:14:38,2017-8-22 17:20:21,,173.251.20.37,WINDOWS,Windows 7 x64 SP: 1,1.0.6.161
SENTINEL\FOOTHILLS15,SENTINEL\foothillsl2,2017-8-22 14:14:9,2017-8-22 17:20:21,,173.251.20.37,WINDOWS,Windows 7 x64 SP: 1,1.0.6.161
SENTINEL\ANTELOPERIDGE50,SENTINEL\doe,2017-8-22 14:14:18,2017-8-22 17:20:20,,173.251.20.37,WINDOWS,Windows 7 x64 SP: 1,1.0.6.161
SENTINEL\WILDWOOD3,SENTINEL\wildwood forest a,2017-1-12 17:57:14,2017-8-22 17:20:17,,173.251.20.37,WINDOWS,Windows 7 x64 SP: 1,1.0.6.161
SENTINEL\WINDWARDLP50,SENTINEL\windwards,2017-8-22 14:12:51,2017-8-22 17:20:17,,173.251.20.37,WINDOWS,Windows 7 x64 SP: 1,1.0.6.161
SENTINEL\OAKS50,SENTINEL\oakss,2017-8-22 14:12:59,2017-8-22 17:20:13,,173.251.20.37,WINDOWS,Windows 7 x64 SP: 1,1.0.6.161
SENTINEL\GARDPOLARIS13,SENTINEL\gardensl,2017-8-22 14:13:39,2017-8-22 17:20:13,,173.251.20.37,WINDOWS,Windows 7 x64 SP: 1,1.0.6.161
SENTINEL\WESTON14,SENTINEL\westonpointl2,2017-8-22 14:14:30,2017-8-22 17:20:11,,173.251.20.37,WINDOWS,Windows 7 x64 SP: 1,1.0.6.161
SENTINEL\SONTERRA50,SENTINEL\sonterraatpvs,2017-8-22 14:13:51,2017-8-22 17:20:10,,173.251.20.37,WINDOWS,Windows 7 x64 SP: 1,1.0.6.161
SENTINEL\OAKWELLFARM14,SENTINEL\oakwelll2,2017-8-22 14:14:15,2017-8-22 17:20:10,,173.251.20.37,WINDOWS,Windows 7 x64 SP: 1,1.0.6.161
SENTINEL\RIVERPOINTE1,SENTINEL\river pointe m,2017-1-12 18:5:43,2017-8-22 17:20:9,10.0.20.1,173.251.20.37,WINDOWS,Windows 7 x64 SP: 1,1.0.6.161
SENTINEL\QUINNCROSSING50,SENTINEL\Quinns,2017-8-22 14:14:19,2017-8-22 17:20:9,,173.251.20.37,WINDOWS,Windows 7 x64 SP: 1,1.0.6.161
SENTINEL\AVENEL50,SENTINEL\avenels,2017-8-22 14:11:57,2017-8-22 17:20:8,,173.251.20.37,WINDOWS,Windows 7 x64 SP: 1,1.0.6.161
SENTINEL\BRENTWOOD13,SENTINEL\brentwoodl,2017-8-22 14:13:26,2017-8-22 17:20:7,,173.251.20.37,WINDOWS,Windows 7 x64 SP: 1,1.0.6.161
SENTINEL\DISTARIZONA1,SENTINEL\jamieson,2017-8-22 14:15:33,2017-8-22 17:20:6,,173.251.20.37,WINDOWS,Windows 7 x64 SP: 1,1.0.6.161
SENTINEL\WESCOTT1,SENTINEL\reserve m,2017-1-12 17:57:21,2017-8-22 17:20:4,,173.251.20.37,WINDOWS,Windows 7 x64 SP: 1,1.0.6.161
SENTINEL\ANDOVERPLACE50,SENTINEL\andoverplaces,2017-8-22 14:14:27,2017-8-22 17:20:3,,173.251.20.37,WINDOWS,Windows 7 x64 SP: 1,1.0.6.161
SENTINEL\pdc4,SENTINEL\olds,2016-11-4 16:0:26,2017-8-22 17:19:27,,173.251.20.37,WINDOWS,Server 2008 R2 x64 SP: 1,1.0.6.161
SENTINEL\CRESTMONT1,SENTINEL\thecrestmont,2017-1-12 17:38:17,2017-8-22 17:19:12,,173.251.20.37,WINDOWS,Windows 7 x64 SP: 1,1.0.6.161
SENTINEL\GOTHAMPROP_3,SENTINEL\gotham,2017-5-16 20:6:19,2017-8-22 17:18:52,127.0.0.1,173.251.20.37,WINDOWS,Windows 7 x64 SP: 1,1.0.6.161
SENTINEL\ACADIA13,SENTINEL\acadial,2017-1-12 17:26:6,2017-8-22 17:18:16,,173.251.20.37,WINDOWS,Windows 7 x64 SP: 1,1.0.6.161
SENTINEL\PARAGON13,SENTINEL\paragonl2,2017-1-12 17:53:31,2017-8-22 17:18:11,,173.251.20.37,WINDOWS,Windows 7 x64 SP: 1,1.0.6.161
SENTINEL\LUCERNE2,SENTINEL\lucerne a,2017-1-12 17:49:29,2017-8-22 17:18:0,,173.251.20.37,WINDOWS,Windows 7 x64 SP: 1,1.0.6.161
SENTINEL\BES12svr2,SENTINEL\bes12admin,2017-1-20 14:6:7,2017-8-22 17:17:47,172.16.0.146,173.251.20.37,WINDOWS,Server 2012 R2 x64 ,1.0.6.161
SENTINEL\QUALITYHILL50,SENTINEL\qualityhilll,2017-8-22 15:11:21,2017-8-22 17:17:6,,173.251.20.37,WINDOWS,Windows 7 x64 SP: 1,1.0.6.161
SENTINEL\ANDOVERPLACE3,SENTINEL\Andover Place M,2017-1-12 17:26:21,2017-8-22 17:16:42,,173.251.20.37,WINDOWS,Windows 7 x64 SP: 1,1.0.6.161
SENTINEL\VALENCIA2,SENTINEL\hillsofvalenciaa,2017-1-12 18:6:0,2017-8-22 17:16:6,,173.251.20.37,WINDOWS,Windows 7 x64 SP: 1,1.0.6.161
SENTINEL\GLENBROOK2,SENTINEL\glenbrooka,2017-1-12 17:42:4,2017-8-22 17:15:51,,173.251.20.37,WINDOWS,Windows 7 x64 SP: 1,1.0.6.161
SENTINEL\PaupWin7 (S-1-5-21-753412686-597961653-1159422225-19570),Unassigned,2017-1-12 17:21:52,2017-8-22 17:15:49,,173.251.20.37,WINDOWS,Windows 7 x86 SP: 1,1.0.6.161
SENTINEL\ANTELOPERIDGE13,SENTINEL\antelope ridge l2,2017-1-12 17:26:32,2017-8-22 17:15:46,,173.251.20.37,WINDOWS,Windows 7 x64 SP: 1,1.0.6.161
SENTINEL\BELLEHARBOUR3,SENTINEL\belle harbour a,2017-1-12 17:31:11,2017-8-22 17:14:29,,173.251.20.37,WINDOWS,Windows 7 x64 SP: 1,1.0.6.161
SENTINEL\BES3,SENTINEL\olds,2017-1-19 20:55:25,2017-8-22 17:14:26,,173.251.20.37,WINDOWS,Server 2008 R2 x64 SP: 1,1.0.6.161
SENTINEL\GOTHAMPROP_2,SENTINEL\gotham,2017-5-16 18:37:42,2017-8-22 17:14:17,,173.251.20.37,WINDOWS,Windows 7 x64 SP: 1,1.0.6.161
SENTINEL\GOTHAMPROP_1,SENTINEL\gotham,2017-5-16 16:8:41,2017-8-22 17:13:57,,173.251.20.37,WINDOWS,Windows 7 x64 SP: 1,1.0.6.161
SENTINEL\GREENHOUSE3,SENTINEL\greenhouse a,2017-1-12 17:42:32,2017-8-22 17:13:3,,173.251.20.37,WINDOWS,Windows 7 x64 SP: 1,1.0.6.161
SENTINEL\FAIRWAYS13,SENTINEL\fairwaysl,2017-8-22 14:12:57,2017-8-22 17:12:38,,173.251.20.37,WINDOWS,Windows 7 x64 SP: 1,1.0.6.161
SENTINEL\FAIRWAYS3,SENTINEL\fairwaysa,2017-1-12 17:42:8,2017-8-22 17:12:32,,173.251.20.37,WINDOWS,Windows 7 x64 SP: 1,1.0.6.161
SENTINEL\FAIRWAYS1,SENTINEL\fairwaysm,2017-1-12 17:42:16,2017-8-22 17:12:26,,173.251.20.37,WINDOWS,Windows 7 x64 SP: 1,1.0.6.161
SENTINEL\WESTON3,SENTINEL\westonpoint m,2017-1-12 17:56:52,2017-8-22 17:12:14,,173.251.20.37,WINDOWS,Windows 7 x64 SP: 1,1.0.6.161
PIKECREEK4,SENTINEL\Pikecreek A,2017-1-12 17:52:29,2017-8-22 17:11:23,127.0.0.1,50.78.55.242,WINDOWS,Windows 7 x64 SP: 1,1.0.6.161
SENTINEL\GOTHAMPROP_MGR1,SENTINEL\gotham,2017-1-12 17:50:26,2017-8-22 17:10:54,,173.251.20.37,WINDOWS,Windows 7 x64 SP: 1,1.0.6.161
SENTINEL\SCOTT1,SENTINEL\scott,2017-1-12 17:55:20,2017-8-22 17:10:27,,173.251.20.37,WINDOWS,Windows 7 x64 SP: 1,1.0.6.161
SENTINEL\TOWNCENTER14,SENTINEL\town center l2,2017-1-12 17:56:59,2017-8-22 17:10:12,,173.251.20.37,WINDOWS,Windows 7 x64 SP: 1,1.0.6.161
SENTINEL\HAMPGREEN1,SENTINEL\Hampshire M,2017-1-12 17:58:30,2017-8-22 17:9:53,,173.251.20.37,WINDOWS,Windows 7 x64 SP: 1,1.0.6.161
SENTINEL\ExchTools,SENTINEL\nimdaab,2016-10-31 15:12:28,2017-8-22 17:7:47,,173.251.20.37,WINDOWS,Server 2012 R2 x64 ,1.0.6.161
SENTINEL\DCCOM1,SENTINEL\herington,2017-1-12 17:42:13,2017-8-22 17:7:46,127.0.0.1,173.251.20.37,WINDOWS,Windows 7 x64 SP: 1,1.0.6.161
SENTINEL\DISTHOUSTON5,SENTINEL\britton,2017-1-12 17:42:44,2017-8-22 17:6:56,,173.251.20.37,WINDOWS,Windows 7 x64 SP: 1,1.0.6.161
SENTINEL\CHESWYCK16,SENTINEL\CheswyckMUC,2017-1-12 17:38:59,2017-8-22 17:6:55,127.0.0.1,173.251.20.37,WINDOWS,Windows 7 x64 SP: 1,1.0.6.161
SENTINEL\VINEYARDS1,SENTINEL\the vineyards m,2017-1-12 17:56:56,2017-8-22 17:6:14,,173.251.20.37,WINDOWS,Windows 7 x64 SP: 1,1.0.6.161
SENTINEL\GRANDCENT3,SENTINEL\grand centennial a,2017-1-12 17:42:31,2017-8-22 17:5:58,,173.251.20.37,WINDOWS,Windows 7 x64 SP: 1,1.0.6.161
SENTINEL\FAIRWAYS14,SENTINEL\fairwaysl,2017-8-22 14:13:4,2017-8-22 17:5:52,,173.251.20.37,WINDOWS,Windows 7 x64 SP: 1,1.0.6.161
SENTINEL\BELLEHARBOUR1,SENTINEL\belle harbour m,2017-1-12 17:39:29,2017-8-22 17:5:34,,173.251.20.37,WINDOWS,Windows 7 x64 SP: 1,1.0.6.161
SENTINEL\KIRBY1,SENTINEL\thekirby,2017-1-12 17:54:2,2017-8-22 17:5:28,127.0.0.1,173.251.20.37,WINDOWS,Windows 7 x64 SP: 1,1.0.6.161
SENTINEL\PRESERVE3,SENTINEL\preserveblueravine a,2017-1-13 17:6:52,2017-8-22 17:4:29,,173.251.20.37,WINDOWS,Windows 7 x64 SP: 1,1.0.6.161
SENTINEL\GLENBROOK13,SENTINEL\glenbrookl,2017-1-12 17:42:7,2017-8-22 17:3:1,,173.251.20.37,WINDOWS,Windows 7 x64 SP: 1,1.0.6.161
SENTINEL\AVANT14,SENTINEL\avantl2,2017-1-12 17:30:0,2017-8-22 17:2:57,,173.251.20.37,WINDOWS,Windows 7 x64 SP: 1,1.0.6.161
SENTINEL\TUSCANYRIDGE1,SENTINEL\Tuscany Ridge m,2017-1-12 17:57:33,2017-8-22 17:2:11,,173.251.20.37,WINDOWS,Windows 7 x64 SP: 1,1.0.6.161
colomaimac.sentinelcorp.com,admins-imac.sentinelcorp.com,2017-5-17 14:39:24,2017-8-22 17:1:1,172.17.8.27,173.251.20.37,MAC,MAC OS X 10.12.5,1.2.2.11
SENTINEL\ad1,SENTINEL\olds,2016-11-4 15:56:3,2017-8-22 17:0:58,172.16.0.15,173.251.20.37,WINDOWS,Server 2008 R2 x64 SP: 1,1.0.6.161
SENTINEL\TOWNCENTER13,SENTINEL\yurcich,2017-1-12 17:56:54,2017-8-22 17:0:34,,173.251.20.37,WINDOWS,Windows 7 x64 SP: 1,1.0.6.161
SENTINEL\PRESERVE50,SENTINEL\preserveblueravines,2017-4-19 17:59:6,2017-8-22 17:0:12,,173.251.20.37,WINDOWS,Windows 7 x64 SP: 1,1.0.6.161
SENTINEL\HAVEN50,SENTINEL\Havens,2017-1-12 17:57:59,2017-8-22 16:59:57,,173.251.20.37,WINDOWS,Windows 7 x64 SP: 1,1.0.6.161
SENTINEL\CARRINGTON2,SENTINEL\carringtona,2017-1-12 17:38:42,2017-8-22 16:59:46,127.0.0.1,173.251.20.37,WINDOWS,Windows 7 x64 SP: 1,1.0.6.161
SENTINEL\LINKPLUMCREEK13,SENTINEL\Plum Creek l,2017-1-12 17:57:44,2017-8-22 16:58:13,127.0.0.1,173.251.20.37,WINDOWS,Windows 7 x64 SP: 1,1.0.6.161
chabliimac.sentinelcorp.com,chabliimac.sentinelcorp.com,2017-5-16 16:45:4,2017-8-22 16:56:38,172.17.8.26,173.251.20.37,MAC,MAC OS X 10.12.5,1.2.2.11
SENTINEL\ARBORDUBLIN13,SENTINEL\arbors l,2017-1-12 17:30:20,2017-8-22 16:56:12,127.0.0.1,173.251.20.37,WINDOWS,Windows 7 x64 SP: 1,1.0.6.161
SENTINEL\GOTHAMPROP_CO_1,SENTINEL\gotham,2017-1-12 17:50:29,2017-8-22 16:53:48,,173.251.20.37,WINDOWS,Windows 7 x64 SP: 1,1.0.6.161
SENTINEL\CHESWYCK15,SENTINEL\CHESWYCK L4,2017-1-12 17:39:0,2017-8-22 16:50:36,,173.251.20.37,WINDOWS,Windows 7 x64 SP: 1,1.0.6.161
SENTINEL\OAKS3,SENTINEL\oaks,2017-1-13 16:15:59,2017-8-22 16:50:16,,173.251.20.37,WINDOWS,Windows 7 x64 SP: 1,1.0.6.161
SENTINEL\SQL2,SENTINEL\bona,2016-11-4 16:39:27,2017-8-22 16:48:31,,173.251.20.37,WINDOWS,Server 2012 R2 x64 ,1.0.6.161
SENTINEL\RIVERPLACECOMM7,SENTINEL\bernardy,2017-1-12 17:56:43,2017-8-22 16:48:6,127.0.0.1,173.251.20.37,WINDOWS,Windows 7 x64 SP: 1,1.0.6.161
SENTINEL\GOTHAMPROP_BKR5,SENTINEL\gotham,2017-5-16 13:58:22,2017-8-22 16:48:0,,173.251.20.37,WINDOWS,Windows 7 x64 SP: 1,1.0.6.161
SENTINEL\OAKWELLFARM1,SENTINEL\oakwell m,2017-1-12 17:52:44,2017-8-22 16:44:56,,173.251.20.37,WINDOWS,Windows 7 x64 SP: 1,1.0.6.161
SENTINEL\FREYDBERG,SENTINEL\freydberg,2017-3-2 14:7:56,2017-8-22 16:35:22,127.0.0.1,173.251.20.37,WINDOWS,Windows 7 x64 SP: 1,1.0.6.161
SENTINEL\CHESWYCK13,SENTINEL\CHESWYCK L,2017-1-12 17:39:0,2017-8-22 16:33:56,,173.251.20.37,WINDOWS,Windows 7 x64 SP: 1,1.0.6.161
SENTINEL\olds,SENTINEL\olds,2016-12-7 15:37:37,2017-8-22 16:30:15,127.0.0.1,173.251.20.37,WINDOWS,Windows 7 x64 SP: 1,1.0.6.161
SENTINEL\tapitnova,SENTINEL\olds,2017-1-18 21:10:36,2017-8-22 16:29:48,,173.251.20.37,WINDOWS,Server 2008 x86 SP: 2,1.0.6.161
SENTINEL\KELLY1,SENTINEL\kelly,2016-12-14 20:59:55,2017-8-22 16:23:55,127.0.0.1,173.251.20.37,WINDOWS,Windows 7 x64 SP: 1,1.0.6.161
SENTINEL\DEERWOOD14,SENTINEL\colonydeerwoodl2,2017-8-22 14:14:41,2017-8-22 16:20:58,,173.251.20.37,WINDOWS,Windows 7 x64 SP: 1,1.0.6.161
SENTINEL\WILLOWSPRINGS1,SENTINEL\willow springs m,2017-1-12 17:57:28,2017-8-22 16:18:5,,173.251.20.37,WINDOWS,Windows 7 x64 SP: 1,1.0.6.161
SENTINEL\KIRBY50,SENTINEL\thekirbys,2017-1-12 17:53:58,2017-8-22 16:14:6,127.0.0.1,173.251.20.37,WINDOWS,Windows 7 x64 SP: 1,1.0.6.161
SENTINEL\23HUNDRED14,SENTINEL\23hundred l2,2017-1-12 16:39:58,2017-8-22 16:6:28,,173.251.20.37,WINDOWS,Windows 7 x64 SP: 1,1.0.6.161
SENTINEL\ADDISONPARK2,SENTINEL\addison park m,2017-1-12 17:34:42,2017-8-22 16:5:59,,173.251.20.37,WINDOWS,Windows 7 x64 SP: 1,1.0.6.161
SENTINEL\printsrv2,hall,2017-1-18 20:45:21,2017-8-22 16:2:45,,173.251.20.37,WINDOWS,Server 2003 x86 SP: 2,1.0.6.161
SENTINEL\APTEMP2,JENKINS\Administrator,2017-2-1 16:57:27,2017-8-22 15:54:1,,173.251.20.37,WINDOWS,Windows 7 x64 SP: 1,1.0.6.161
SENTINEL\ISLANDPARK3,SENTINEL\island park a,2017-1-12 17:49:55,2017-8-22 15:33:32,10.24.224.3,173.251.20.37,WINDOWS,Windows 7 x64 SP: 1,1.0.6.161
SENTINEL\ISLANDPARK14,SENTINEL\islandparkl,2017-8-22 14:13:59,2017-8-22 15:33:10,,173.251.20.37,WINDOWS,Windows 7 x64 SP: 1,1.0.6.161
SENTINEL\PARKDELMAR50,SENTINEL\parkdelmars,2017-8-22 14:14:14,2017-8-22 15:30:49,,173.251.20.37,WINDOWS,Windows 7 x64 SP: 1,1.0.6.161
SENTINEL\NONAPARK50,SENTINEL\nonaparks,2017-8-22 14:13:26,2017-8-22 15:21:57,,173.251.20.37,WINDOWS,Windows 7 x64 SP: 1,1.0.6.161
SENTINEL\GREENHOUSE50,SENTINEL\Greenhouses,2017-8-22 14:13:55,2017-8-22 15:20:22,,173.251.20.37,WINDOWS,Windows 7 x64 SP: 1,1.0.6.161
SENTINEL\NG,SENTINEL\ng,2017-1-12 17:51:59,2017-8-22 15:19:42,,173.251.20.37,WINDOWS,Windows 7 x64 SP: 1,1.0.6.161
SENTINEL\DISTARIZONA2,SENTINEL\davis-march,2017-1-12 17:43:52,2017-8-22 15:17:25,,173.251.20.37,WINDOWS,Windows 7 x64 SP: 1,1.0.6.161
SENTINEL\KRAPUKAITIS,SENTINEL\krapukaitis,2017-4-14 13:48:31,2017-8-22 15:12:2,172.20.8.104,173.251.20.37,WINDOWS,Windows 7 x64 SP: 1,1.0.6.161
SENTINEL\23HUNDRED50,SENTINEL\23hundreds,2017-8-22 14:13:17,2017-8-22 15:3:3,,173.251.20.37,WINDOWS,Windows 7 x64 SP: 1,1.0.6.161
SENTINEL\DYNPOOL9 (S-1-5-21-753412686-597961653-1159422225-22698),,2017-1-25 18:56:15,2017-8-22 14:48:19,,173.251.20.37,WINDOWS,Windows 7 x86 SP: 1,1.0.6.161
SENTINEL\DURHAM,SENTINEL\durham,2017-1-12 17:41:3,2017-8-22 13:31:14,,173.251.20.37,WINDOWS,Windows 7 x64 SP: 1,1.0.6.161
SENTINEL\HORENSTEIN,SENTINEL\horenstein,2017-6-21 16:46:55,2017-8-22 12:46:49,,173.251.20.37,WINDOWS,Windows 7 x64 SP: 1,1.0.6.161
SENTINEL\MONTERRA3,SENTINEL\monterraa,2017-1-12 17:54:23,2017-8-22 12:39:32,,173.251.20.37,WINDOWS,Windows 7 x64 SP: 1,1.0.6.161
SENTINEL\TUSCANYRIDGE2,SENTINEL\tuscany ridge a,2017-1-12 17:57:28,2017-8-22 12:16:6,,173.251.20.37,WINDOWS,Windows 7 x64 SP: 1,1.0.6.161
SENTINEL\STEINN,SENTINEL\steinn,2017-1-19 19:18:52,2017-8-22 9:53:43,127.0.0.1,173.251.20.37,WINDOWS,Windows 7 x64 SP: 1,1.0.6.161
SENTINEL\MAPPOINT_PC1,SENTINEL\mappoint,2017-1-12 18:0:3,2017-8-22 7:59:5,127.0.0.1,173.251.20.37,WINDOWS,Windows 7 x64 SP: 1,1.0.6.161
Granahan_T460,GRANAHAN_T460\user,2016-11-2 18:37:43,2017-8-22 1:6:15,192.168.0.83,107.77.205.20,WINDOWS,Windows 7 x64 SP: 1,1.0.6.161
MaleszewskiSurf4,user,2017-7-24 20:8:19,2017-8-22 0:41:33,192.168.1.27,108.5.107.205,WINDOWS,Windows 10 x64,1.0.6.161
FRANGOS-SURF4,user,2017-7-31 19:2:39,2017-8-21 23:30:19,192.168.0.17,24.193.160.176,WINDOWS,Windows 10 x64,1.0.6.161
SENTINEL\HRITSKO,SENTINEL\williamsh,2017-1-12 18:3:52,2017-8-21 20:28:31,,173.251.20.37,WINDOWS,Windows 7 x64 SP: 1,1.0.6.161
JOANEN-SURF4,user,2017-7-12 21:1:38,2017-8-21 13:3:48,192.168.4.198,50.74.185.3,WINDOWS,Windows 10 x64,1.0.6.161
Granahan_3040,GRANAHAN_3040\Administrator,2016-11-3 14:46:30,2017-8-20 15:52:36,10.0.0.92,174.61.229.168,WINDOWS,Windows 7 x64 SP: 1,1.0.6.161
SENTINEL\STEINJ,SENTINEL\stein,2016-12-22 19:36:55,2017-8-19 15:17:9,127.0.0.1,173.251.20.37,WINDOWS,Windows 7 x64 SP: 1,1.0.6.161
SENTINEL\ORTAC,SENTINEL\ortac,2017-5-9 14:19:28,2017-8-19 15:2:11,127.0.0.1,173.251.20.37,WINDOWS,Windows 7 x64 SP: 1,1.0.6.161
SENTINEL\WITTHUHN,SENTINEL\witthuhn,2017-1-13 17:55:3,2017-8-19 14:52:25,127.0.0.1,173.251.20.37,WINDOWS,Windows 7 x64 SP: 1,1.0.6.161
SENTINEL\ESTRADA,SENTINEL\payrolltemp,2017-1-12 17:51:42,2017-8-19 14:52:9,127.0.0.1,173.251.20.37,WINDOWS,Windows 7 x64 SP: 1,1.0.6.161
SENTINEL\SHARMA,SENTINEL\sharma,2017-1-12 17:55:27,2017-8-18 22:15:8,,173.251.20.37,WINDOWS,Windows 7 x64 SP: 1,1.0.6.161
SENTINEL\BARRY,SENTINEL\barry,2016-12-5 20:2:18,2017-8-18 19:34:15,127.0.0.1,173.251.20.37,WINDOWS,Windows 7 x64 SP: 1,1.0.6.161
SENTINEL\IT-CONF-DESK-PC,IT-CONF-DESK-PC\Administrator,2017-7-5 16:45:6,2017-8-18 18:39:2,127.0.0.1,173.251.20.37,WINDOWS,Windows 7 x64 SP: 1,1.0.6.161
SENTINEL\TIETJEN,SENTINEL\tietjen,2017-4-18 16:40:37,2017-8-18 18:13:25,127.0.0.1,173.251.20.37,WINDOWS,Windows 7 x64 SP: 1,1.0.6.161
SENTINEL\SIMON,SENTINEL\simon,2017-6-6 15:24:43,2017-8-18 18:3:38,127.0.0.1,173.251.20.37,WINDOWS,Windows 7 x64 SP: 1,1.0.6.161
CorominaSurf4,Administrator,2017-7-26 12:43:54,2017-8-18 17:46:27,10.0.0.49,73.197.223.109,WINDOWS,Windows 10 x64,1.0.6.161
SENTINEL\BARREDO,SENTINEL\barredo,2016-11-16 17:21:5,2017-8-18 17:43:41,127.0.0.1,173.251.20.37,WINDOWS,Windows 7 x64 SP: 1,1.0.6.161
HERNANDEZ-SURF4,user,2017-7-13 20:22:48,2017-8-17 19:8:37,192.168.1.203,96.225.102.168,WINDOWS,Windows 10 x64,1.0.6.161
SENTINEL\IT-CONF-TV-PC2,IT-CONF-TV-PC2\Administrator,2017-7-6 18:16:14,2017-8-17 12:40:51,127.0.0.1,173.251.20.37,WINDOWS,Windows 7 x64 SP: 1,1.0.6.161
SENTINEL\HAUNSS,SENTINEL\haunss,2017-5-8 14:51:55,2017-8-17 10:34:55,127.0.0.1,173.251.20.37,WINDOWS,Windows 7 x64 SP: 1,1.0.6.161
SENTINEL\IT-STORAGE-RM3,IT-STORAGE-RM3\Administrator,2017-8-16 15:19:40,2017-8-17 10:34:15,,173.251.20.37,WINDOWS,Windows 7 x64 SP: 1,1.0.6.161
SENTINEL\SMITHM,SENTINEL\smithm,2016-12-13 15:59:44,2017-8-12 23:51:50,127.0.0.1,173.251.20.37,WINDOWS,Windows 7 x64 SP: 1,1.0.6.161
DESKTOP-OKPT4E2,user,2017-7-28 16:53:57,2017-8-11 18:47:3,192.168.1.9,173.63.184.222,WINDOWS,Windows 10 x64,1.0.6.161
MaloySurf4,Administrator,2017-7-27 13:47:39,2017-8-10 23:53:17,192.168.0.6,69.203.150.247,WINDOWS,Windows 10 x64,1.0.6.161
SENTINEL\WANG,SENTINEL\wang,2017-1-12 17:55:30,2017-8-9 7:12:47,10.63.160.20,173.251.20.37,WINDOWS,Windows 7 x64 SP: 1,1.0.6.161
SENTINEL\THECOMMONS3,SENTINEL\the commons a,2017-1-12 17:57:14,2017-8-7 17:45:47,127.0.0.1,173.251.20.37,WINDOWS,Windows 7 x64 SP: 1,1.0.6.161
SENTINEL\Lenovo2456,SENTINEL\ittemp,2017-2-2 20:18:6,2017-8-3 4:52:12,127.0.0.1,173.251.20.37,WINDOWS,Windows 10 x64,1.0.6.161
SENTINEL\ROTHTV,ROTHTV\Administrator,2017-7-10 18:34:17,2017-8-2 15:3:40,,173.251.20.37,WINDOWS,Windows 7 x64 SP: 1,1.0.6.161
SENTINEL\DELATORRE,SENTINEL\delatorre,2017-4-25 18:37:10,2017-7-31 19:47:14,172.20.8.25,173.251.20.37,WINDOWS,Windows 7 x64 SP: 1,1.0.6.161
ChardeSurf4,user,2017-7-20 14:44:14,2017-7-31 19:6:38,192.168.254.30,172.76.85.117,WINDOWS,Windows 10 x64,1.0.6.161
SURF3_LOANER,CLARK_SURF3\user,2017-7-12 13:52:59,2017-7-31 12:57:35,172.20.2.129,50.74.185.3,WINDOWS,Windows 8.1 x64,1.0.6.161
SENTINEL\DISTCAL1,SENTINEL\keels,2017-1-9 15:24:53,2017-7-28 19:45:44,,173.251.20.37,WINDOWS,Windows 7 x64 SP: 1,1.0.6.161
SENTINEL\GRANT,SENTINEL\grant,2017-4-19 15:0:3,2017-7-27 22:0:34,,173.251.20.37,WINDOWS,Windows 7 x64 SP: 1,1.0.6.161
SENTINEL\RIVERPLACECOMM3,SENTINEL\bernardy,2017-1-17 16:33:59,2017-7-27 15:50:18,,173.251.20.37,WINDOWS,Windows 7 x64 SP: 1,1.0.6.161
SENTINEL\RIVERPLACECOMM3,SENTINEL\bernardy,2017-1-17 16:33:59,2017-7-27 15:50:18,,173.251.20.37,WINDOWS,Windows 7 x64 SP: 1,1.0.6.161
